region_code,metric,year,history_years,cv_performance,constraints_applied,method
E12000001,gdhi_per_head_gbp,2023,26,0.01071580581469759,True,Ensemble(2 models)
E12000001,gdhi_per_head_gbp,2024,26,0.01071580581469759,True,Ensemble(2 models)
E12000001,gdhi_per_head_gbp,2025,26,0.01071580581469759,True,Ensemble(2 models)
E12000001,gdhi_per_head_gbp,2026,26,0.01071580581469759,True,Ensemble(2 models)
E12000001,gdhi_per_head_gbp,2027,26,0.01071580581469759,True,Ensemble(2 models)
E12000001,gdhi_per_head_gbp,2028,26,0.01071580581469759,True,Ensemble(2 models)
E12000001,gdhi_per_head_gbp,2029,26,0.01071580581469759,True,Ensemble(2 models)
E12000001,gdhi_per_head_gbp,2030,26,0.01071580581469759,True,Ensemble(2 models)
E12000001,gdhi_total_mn_gbp,2023,26,0.010829065475052621,True,Ensemble(2 models)
E12000001,gdhi_total_mn_gbp,2024,26,0.010829065475052621,True,Ensemble(2 models)
E12000001,gdhi_total_mn_gbp,2025,26,0.010829065475052621,True,Ensemble(2 models)
E12000001,gdhi_total_mn_gbp,2026,26,0.010829065475052621,True,Ensemble(2 models)
E12000001,gdhi_total_mn_gbp,2027,26,0.010829065475052621,True,Ensemble(2 models)
E12000001,gdhi_total_mn_gbp,2028,26,0.010829065475052621,True,Ensemble(2 models)
E12000001,gdhi_total_mn_gbp,2029,26,0.010829065475052621,True,Ensemble(2 models)
E12000001,gdhi_total_mn_gbp,2030,26,0.010829065475052621,True,Ensemble(2 models)
E12000002,gdhi_per_head_gbp,2023,26,0.01698413676009717,True,Ensemble(2 models)
E12000002,gdhi_per_head_gbp,2024,26,0.01698413676009717,True,Ensemble(2 models)
E12000002,gdhi_per_head_gbp,2025,26,0.01698413676009717,True,Ensemble(2 models)
E12000002,gdhi_per_head_gbp,2026,26,0.01698413676009717,True,Ensemble(2 models)
E12000002,gdhi_per_head_gbp,2027,26,0.01698413676009717,True,Ensemble(2 models)
E12000002,gdhi_per_head_gbp,2028,26,0.01698413676009717,True,Ensemble(2 models)
E12000002,gdhi_per_head_gbp,2029,26,0.01698413676009717,True,Ensemble(2 models)
E12000002,gdhi_per_head_gbp,2030,26,0.01698413676009717,True,Ensemble(2 models)
E12000002,gdhi_total_mn_gbp,2023,26,0.016595647350139887,True,Ensemble(2 models)
E12000002,gdhi_total_mn_gbp,2024,26,0.016595647350139887,True,Ensemble(2 models)
E12000002,gdhi_total_mn_gbp,2025,26,0.016595647350139887,True,Ensemble(2 models)
E12000002,gdhi_total_mn_gbp,2026,26,0.016595647350139887,True,Ensemble(2 models)
E12000002,gdhi_total_mn_gbp,2027,26,0.016595647350139887,True,Ensemble(2 models)
E12000002,gdhi_total_mn_gbp,2028,26,0.016595647350139887,True,Ensemble(2 models)
E12000002,gdhi_total_mn_gbp,2029,26,0.016595647350139887,True,Ensemble(2 models)
E12000002,gdhi_total_mn_gbp,2030,26,0.016595647350139887,True,Ensemble(2 models)
E12000003,gdhi_per_head_gbp,2023,26,0.016939485164144136,True,Ensemble(2 models)
E12000003,gdhi_per_head_gbp,2024,26,0.016939485164144136,True,Ensemble(2 models)
E12000003,gdhi_per_head_gbp,2025,26,0.016939485164144136,True,Ensemble(2 models)
E12000003,gdhi_per_head_gbp,2026,26,0.016939485164144136,True,Ensemble(2 models)
E12000003,gdhi_per_head_gbp,2027,26,0.016939485164144136,True,Ensemble(2 models)
E12000003,gdhi_per_head_gbp,2028,26,0.016939485164144136,True,Ensemble(2 models)
E12000003,gdhi_per_head_gbp,2029,26,0.016939485164144136,True,Ensemble(2 models)
E12000003,gdhi_per_head_gbp,2030,26,0.016939485164144136,True,Ensemble(2 models)
E12000003,gdhi_total_mn_gbp,2023,26,0.01601655480138941,True,Ensemble(2 models)
E12000003,gdhi_total_mn_gbp,2024,26,0.01601655480138941,True,Ensemble(2 models)
E12000003,gdhi_total_mn_gbp,2025,26,0.01601655480138941,True,Ensemble(2 models)
E12000003,gdhi_total_mn_gbp,2026,26,0.01601655480138941,True,Ensemble(2 models)
E12000003,gdhi_total_mn_gbp,2027,26,0.01601655480138941,True,Ensemble(2 models)
E12000003,gdhi_total_mn_gbp,2028,26,0.01601655480138941,True,Ensemble(2 models)
E12000003,gdhi_total_mn_gbp,2029,26,0.01601655480138941,True,Ensemble(2 models)
E12000003,gdhi_total_mn_gbp,2030,26,0.01601655480138941,True,Ensemble(2 models)
E12000004,gdhi_per_head_gbp,2023,26,0.016959022823945596,True,Ensemble(2 models)
E12000004,gdhi_per_head_gbp,2024,26,0.016959022823945596,True,Ensemble(2 models)
E12000004,gdhi_per_head_gbp,2025,26,0.016959022823945596,True,Ensemble(2 models)
E12000004,gdhi_per_head_gbp,2026,26,0.016959022823945596,True,Ensemble(2 models)
E12000004,gdhi_per_head_gbp,2027,26,0.016959022823945596,True,Ensemble(2 models)
E12000004,gdhi_per_head_gbp,2028,26,0.016959022823945596,True,Ensemble(2 models)
E12000004,gdhi_per_head_gbp,2029,26,0.016959022823945596,True,Ensemble(2 models)
E12000004,gdhi_per_head_gbp,2030,26,0.016959022823945596,True,Ensemble(2 models)
E12000004,gdhi_total_mn_gbp,2023,26,0.01649622764762408,True,Ensemble(2 models)
E12000004,gdhi_total_mn_gbp,2024,26,0.01649622764762408,True,Ensemble(2 models)
E12000004,gdhi_total_mn_gbp,2025,26,0.01649622764762408,True,Ensemble(2 models)
E12000004,gdhi_total_mn_gbp,2026,26,0.01649622764762408,True,Ensemble(2 models)
E12000004,gdhi_total_mn_gbp,2027,26,0.01649622764762408,True,Ensemble(2 models)
E12000004,gdhi_total_mn_gbp,2028,26,0.01649622764762408,True,Ensemble(2 models)
E12000004,gdhi_total_mn_gbp,2029,26,0.01649622764762408,True,Ensemble(2 models)
E12000004,gdhi_total_mn_gbp,2030,26,0.01649622764762408,True,Ensemble(2 models)
E12000005,gdhi_per_head_gbp,2023,26,0.015826996143695565,True,Ensemble(2 models)
E12000005,gdhi_per_head_gbp,2024,26,0.015826996143695565,True,Ensemble(2 models)
E12000005,gdhi_per_head_gbp,2025,26,0.015826996143695565,True,Ensemble(2 models)
E12000005,gdhi_per_head_gbp,2026,26,0.015826996143695565,True,Ensemble(2 models)
E12000005,gdhi_per_head_gbp,2027,26,0.015826996143695565,True,Ensemble(2 models)
E12000005,gdhi_per_head_gbp,2028,26,0.015826996143695565,True,Ensemble(2 models)
E12000005,gdhi_per_head_gbp,2029,26,0.015826996143695565,True,Ensemble(2 models)
E12000005,gdhi_per_head_gbp,2030,26,0.015826996143695565,True,Ensemble(2 models)
E12000005,gdhi_total_mn_gbp,2023,26,0.016320838736968556,True,Ensemble(2 models)
E12000005,gdhi_total_mn_gbp,2024,26,0.016320838736968556,True,Ensemble(2 models)
E12000005,gdhi_total_mn_gbp,2025,26,0.016320838736968556,True,Ensemble(2 models)
E12000005,gdhi_total_mn_gbp,2026,26,0.016320838736968556,True,Ensemble(2 models)
E12000005,gdhi_total_mn_gbp,2027,26,0.016320838736968556,True,Ensemble(2 models)
E12000005,gdhi_total_mn_gbp,2028,26,0.016320838736968556,True,Ensemble(2 models)
E12000005,gdhi_total_mn_gbp,2029,26,0.016320838736968556,True,Ensemble(2 models)
E12000005,gdhi_total_mn_gbp,2030,26,0.016320838736968556,True,Ensemble(2 models)
E12000006,gdhi_per_head_gbp,2023,26,0.01765101611280016,True,Ensemble(2 models)
E12000006,gdhi_per_head_gbp,2024,26,0.01765101611280016,True,Ensemble(2 models)
E12000006,gdhi_per_head_gbp,2025,26,0.01765101611280016,True,Ensemble(2 models)
E12000006,gdhi_per_head_gbp,2026,26,0.01765101611280016,True,Ensemble(2 models)
E12000006,gdhi_per_head_gbp,2027,26,0.01765101611280016,True,Ensemble(2 models)
E12000006,gdhi_per_head_gbp,2028,26,0.01765101611280016,True,Ensemble(2 models)
E12000006,gdhi_per_head_gbp,2029,26,0.01765101611280016,True,Ensemble(2 models)
E12000006,gdhi_per_head_gbp,2030,26,0.01765101611280016,True,Ensemble(2 models)
E12000006,gdhi_total_mn_gbp,2023,26,0.018167440135449704,True,Ensemble(2 models)
E12000006,gdhi_total_mn_gbp,2024,26,0.018167440135449704,True,Ensemble(2 models)
E12000006,gdhi_total_mn_gbp,2025,26,0.018167440135449704,True,Ensemble(2 models)
E12000006,gdhi_total_mn_gbp,2026,26,0.018167440135449704,True,Ensemble(2 models)
E12000006,gdhi_total_mn_gbp,2027,26,0.018167440135449704,True,Ensemble(2 models)
E12000006,gdhi_total_mn_gbp,2028,26,0.018167440135449704,True,Ensemble(2 models)
E12000006,gdhi_total_mn_gbp,2029,26,0.018167440135449704,True,Ensemble(2 models)
E12000006,gdhi_total_mn_gbp,2030,26,0.018167440135449704,True,Ensemble(2 models)
E12000007,gdhi_per_head_gbp,2023,26,0.02520996782223585,True,Ensemble(2 models)
E12000007,gdhi_per_head_gbp,2024,26,0.02520996782223585,True,Ensemble(2 models)
E12000007,gdhi_per_head_gbp,2025,26,0.02520996782223585,True,Ensemble(2 models)
E12000007,gdhi_per_head_gbp,2026,26,0.02520996782223585,True,Ensemble(2 models)
E12000007,gdhi_per_head_gbp,2027,26,0.02520996782223585,True,Ensemble(2 models)
E12000007,gdhi_per_head_gbp,2028,26,0.02520996782223585,True,Ensemble(2 models)
E12000007,gdhi_per_head_gbp,2029,26,0.02520996782223585,True,Ensemble(2 models)
E12000007,gdhi_per_head_gbp,2030,26,0.02520996782223585,True,Ensemble(2 models)
E12000007,gdhi_total_mn_gbp,2023,26,0.026933306762464176,True,Ensemble(2 models)
E12000007,gdhi_total_mn_gbp,2024,26,0.026933306762464176,True,Ensemble(2 models)
E12000007,gdhi_total_mn_gbp,2025,26,0.026933306762464176,True,Ensemble(2 models)
E12000007,gdhi_total_mn_gbp,2026,26,0.026933306762464176,True,Ensemble(2 models)
E12000007,gdhi_total_mn_gbp,2027,26,0.026933306762464176,True,Ensemble(2 models)
E12000007,gdhi_total_mn_gbp,2028,26,0.026933306762464176,True,Ensemble(2 models)
E12000007,gdhi_total_mn_gbp,2029,26,0.026933306762464176,True,Ensemble(2 models)
E12000007,gdhi_total_mn_gbp,2030,26,0.026933306762464176,True,Ensemble(2 models)
E12000008,gdhi_per_head_gbp,2023,26,0.018177866791024445,True,Ensemble(2 models)
E12000008,gdhi_per_head_gbp,2024,26,0.018177866791024445,True,Ensemble(2 models)
E12000008,gdhi_per_head_gbp,2025,26,0.018177866791024445,True,Ensemble(2 models)
E12000008,gdhi_per_head_gbp,2026,26,0.018177866791024445,True,Ensemble(2 models)
E12000008,gdhi_per_head_gbp,2027,26,0.018177866791024445,True,Ensemble(2 models)
E12000008,gdhi_per_head_gbp,2028,26,0.018177866791024445,True,Ensemble(2 models)
E12000008,gdhi_per_head_gbp,2029,26,0.018177866791024445,True,Ensemble(2 models)
E12000008,gdhi_per_head_gbp,2030,26,0.018177866791024445,True,Ensemble(2 models)
E12000008,gdhi_total_mn_gbp,2023,26,0.018514297794267626,True,Ensemble(2 models)
E12000008,gdhi_total_mn_gbp,2024,26,0.018514297794267626,True,Ensemble(2 models)
E12000008,gdhi_total_mn_gbp,2025,26,0.018514297794267626,True,Ensemble(2 models)
E12000008,gdhi_total_mn_gbp,2026,26,0.018514297794267626,True,Ensemble(2 models)
E12000008,gdhi_total_mn_gbp,2027,26,0.018514297794267626,True,Ensemble(2 models)
E12000008,gdhi_total_mn_gbp,2028,26,0.018514297794267626,True,Ensemble(2 models)
E12000008,gdhi_total_mn_gbp,2029,26,0.018514297794267626,True,Ensemble(2 models)
E12000008,gdhi_total_mn_gbp,2030,26,0.018514297794267626,True,Ensemble(2 models)
E12000009,gdhi_per_head_gbp,2023,26,0.016902056011281103,True,Ensemble(2 models)
E12000009,gdhi_per_head_gbp,2024,26,0.016902056011281103,True,Ensemble(2 models)
E12000009,gdhi_per_head_gbp,2025,26,0.016902056011281103,True,Ensemble(2 models)
E12000009,gdhi_per_head_gbp,2026,26,0.016902056011281103,True,Ensemble(2 models)
E12000009,gdhi_per_head_gbp,2027,26,0.016902056011281103,True,Ensemble(2 models)
E12000009,gdhi_per_head_gbp,2028,26,0.016902056011281103,True,Ensemble(2 models)
E12000009,gdhi_per_head_gbp,2029,26,0.016902056011281103,True,Ensemble(2 models)
E12000009,gdhi_per_head_gbp,2030,26,0.016902056011281103,True,Ensemble(2 models)
E12000009,gdhi_total_mn_gbp,2023,26,0.01780426465972727,True,Ensemble(2 models)
E12000009,gdhi_total_mn_gbp,2024,26,0.01780426465972727,True,Ensemble(2 models)
E12000009,gdhi_total_mn_gbp,2025,26,0.01780426465972727,True,Ensemble(2 models)
E12000009,gdhi_total_mn_gbp,2026,26,0.01780426465972727,True,Ensemble(2 models)
E12000009,gdhi_total_mn_gbp,2027,26,0.01780426465972727,True,Ensemble(2 models)
E12000009,gdhi_total_mn_gbp,2028,26,0.01780426465972727,True,Ensemble(2 models)
E12000009,gdhi_total_mn_gbp,2029,26,0.01780426465972727,True,Ensemble(2 models)
E12000009,gdhi_total_mn_gbp,2030,26,0.01780426465972727,True,Ensemble(2 models)
N92000002,gdhi_per_head_gbp,2023,26,0.026383174285875277,True,Ensemble(2 models)
N92000002,gdhi_per_head_gbp,2024,26,0.026383174285875277,True,Ensemble(2 models)
N92000002,gdhi_per_head_gbp,2025,26,0.026383174285875277,True,Ensemble(2 models)
N92000002,gdhi_per_head_gbp,2026,26,0.026383174285875277,True,Ensemble(2 models)
N92000002,gdhi_per_head_gbp,2027,26,0.026383174285875277,True,Ensemble(2 models)
N92000002,gdhi_per_head_gbp,2028,26,0.026383174285875277,True,Ensemble(2 models)
N92000002,gdhi_per_head_gbp,2029,26,0.026383174285875277,True,Ensemble(2 models)
N92000002,gdhi_per_head_gbp,2030,26,0.026383174285875277,True,Ensemble(2 models)
N92000002,gdhi_total_mn_gbp,2023,26,0.024572890312067112,True,Ensemble(2 models)
N92000002,gdhi_total_mn_gbp,2024,26,0.024572890312067112,True,Ensemble(2 models)
N92000002,gdhi_total_mn_gbp,2025,26,0.024572890312067112,True,Ensemble(2 models)
N92000002,gdhi_total_mn_gbp,2026,26,0.024572890312067112,True,Ensemble(2 models)
N92000002,gdhi_total_mn_gbp,2027,26,0.024572890312067112,True,Ensemble(2 models)
N92000002,gdhi_total_mn_gbp,2028,26,0.024572890312067112,True,Ensemble(2 models)
N92000002,gdhi_total_mn_gbp,2029,26,0.024572890312067112,True,Ensemble(2 models)
N92000002,gdhi_total_mn_gbp,2030,26,0.024572890312067112,True,Ensemble(2 models)
S92000003,gdhi_per_head_gbp,2023,26,0.019079985049570078,True,Ensemble(2 models)
S92000003,gdhi_per_head_gbp,2024,26,0.019079985049570078,True,Ensemble(2 models)
S92000003,gdhi_per_head_gbp,2025,26,0.019079985049570078,True,Ensemble(2 models)
S92000003,gdhi_per_head_gbp,2026,26,0.019079985049570078,True,Ensemble(2 models)
S92000003,gdhi_per_head_gbp,2027,26,0.019079985049570078,True,Ensemble(2 models)
S92000003,gdhi_per_head_gbp,2028,26,0.019079985049570078,True,Ensemble(2 models)
S92000003,gdhi_per_head_gbp,2029,26,0.019079985049570078,True,Ensemble(2 models)
S92000003,gdhi_per_head_gbp,2030,26,0.019079985049570078,True,Ensemble(2 models)
S92000003,gdhi_total_mn_gbp,2023,26,0.016860557155549804,True,Ensemble(2 models)
S92000003,gdhi_total_mn_gbp,2024,26,0.016860557155549804,True,Ensemble(2 models)
S92000003,gdhi_total_mn_gbp,2025,26,0.016860557155549804,True,Ensemble(2 models)
S92000003,gdhi_total_mn_gbp,2026,26,0.016860557155549804,True,Ensemble(2 models)
S92000003,gdhi_total_mn_gbp,2027,26,0.016860557155549804,True,Ensemble(2 models)
S92000003,gdhi_total_mn_gbp,2028,26,0.016860557155549804,True,Ensemble(2 models)
S92000003,gdhi_total_mn_gbp,2029,26,0.016860557155549804,True,Ensemble(2 models)
S92000003,gdhi_total_mn_gbp,2030,26,0.016860557155549804,True,Ensemble(2 models)
TLC,chained_gva_mn_gbp,2024,26,0.040737229349729585,True,Ensemble(2 models)
TLC,chained_gva_mn_gbp,2025,26,0.040737229349729585,True,Ensemble(2 models)
TLC,chained_gva_mn_gbp,2026,26,0.040737229349729585,True,Ensemble(2 models)
TLC,chained_gva_mn_gbp,2027,26,0.040737229349729585,True,Ensemble(2 models)
TLC,chained_gva_mn_gbp,2028,26,0.040737229349729585,True,Ensemble(2 models)
TLC,chained_gva_mn_gbp,2029,26,0.040737229349729585,True,Ensemble(2 models)
TLC,chained_gva_mn_gbp,2030,26,0.040737229349729585,True,Ensemble(2 models)
TLC,emp_total_jobs,2024,15,,True,Linear
TLC,emp_total_jobs,2025,15,,True,Linear
TLC,emp_total_jobs,2026,15,,True,Linear
TLC,emp_total_jobs,2027,15,,True,Linear
TLC,emp_total_jobs,2028,15,,True,Linear
TLC,emp_total_jobs,2029,15,,True,Linear
TLC,emp_total_jobs,2030,15,,True,Linear
TLC,nominal_gva_mn_gbp,2024,26,0.05965722010816292,True,Ensemble(2 models)
TLC,nominal_gva_mn_gbp,2025,26,0.05965722010816292,True,Ensemble(2 models)
TLC,nominal_gva_mn_gbp,2026,26,0.05965722010816292,True,Ensemble(2 models)
TLC,nominal_gva_mn_gbp,2027,26,0.05965722010816292,True,Ensemble(2 models)
TLC,nominal_gva_mn_gbp,2028,26,0.05965722010816292,True,Ensemble(2 models)
TLC,nominal_gva_mn_gbp,2029,26,0.05965722010816292,True,Ensemble(2 models)
TLC,nominal_gva_mn_gbp,2030,26,0.05965722010816292,True,Ensemble(2 models)
TLD,chained_gva_mn_gbp,2024,26,0.03613677838915553,True,Ensemble(2 models)
TLD,chained_gva_mn_gbp,2025,26,0.03613677838915553,True,Ensemble(2 models)
TLD,chained_gva_mn_gbp,2026,26,0.03613677838915553,True,Ensemble(2 models)
TLD,chained_gva_mn_gbp,2027,26,0.03613677838915553,True,Ensemble(2 models)
TLD,chained_gva_mn_gbp,2028,26,0.03613677838915553,True,Ensemble(2 models)
TLD,chained_gva_mn_gbp,2029,26,0.03613677838915553,True,Ensemble(2 models)
TLD,chained_gva_mn_gbp,2030,26,0.03613677838915553,True,Ensemble(2 models)
TLD,emp_total_jobs,2024,15,,True,Linear
TLD,emp_total_jobs,2025,15,,True,Linear
TLD,emp_total_jobs,2026,15,,True,Linear
TLD,emp_total_jobs,2027,15,,True,Linear
TLD,emp_total_jobs,2028,15,,True,Linear
TLD,emp_total_jobs,2029,15,,True,Linear
TLD,emp_total_jobs,2030,15,,True,Linear
TLD,nominal_gva_mn_gbp,2024,26,0.057009068790809414,True,Ensemble(2 models)
TLD,nominal_gva_mn_gbp,2025,26,0.057009068790809414,True,Ensemble(2 models)
TLD,nominal_gva_mn_gbp,2026,26,0.057009068790809414,True,Ensemble(2 models)
TLD,nominal_gva_mn_gbp,2027,26,0.057009068790809414,True,Ensemble(2 models)
TLD,nominal_gva_mn_gbp,2028,26,0.057009068790809414,True,Ensemble(2 models)
TLD,nominal_gva_mn_gbp,2029,26,0.057009068790809414,True,Ensemble(2 models)
TLD,nominal_gva_mn_gbp,2030,26,0.057009068790809414,True,Ensemble(2 models)
TLE,chained_gva_mn_gbp,2024,26,0.042950236052457035,True,Ensemble(2 models)
TLE,chained_gva_mn_gbp,2025,26,0.042950236052457035,True,Ensemble(2 models)
TLE,chained_gva_mn_gbp,2026,26,0.042950236052457035,True,Ensemble(2 models)
TLE,chained_gva_mn_gbp,2027,26,0.042950236052457035,True,Ensemble(2 models)
TLE,chained_gva_mn_gbp,2028,26,0.042950236052457035,True,Ensemble(2 models)
TLE,chained_gva_mn_gbp,2029,26,0.042950236052457035,True,Ensemble(2 models)
TLE,chained_gva_mn_gbp,2030,26,0.042950236052457035,True,Ensemble(2 models)
TLE,emp_total_jobs,2024,15,,True,Linear
TLE,emp_total_jobs,2025,15,,True,Linear
TLE,emp_total_jobs,2026,15,,True,Linear
TLE,emp_total_jobs,2027,15,,True,Linear
TLE,emp_total_jobs,2028,15,,True,Linear
TLE,emp_total_jobs,2029,15,,True,Linear
TLE,emp_total_jobs,2030,15,,True,Linear
TLE,nominal_gva_mn_gbp,2024,26,0.06581070165103617,True,Ensemble(2 models)
TLE,nominal_gva_mn_gbp,2025,26,0.06581070165103617,True,Ensemble(2 models)
TLE,nominal_gva_mn_gbp,2026,26,0.06581070165103617,True,Ensemble(2 models)
TLE,nominal_gva_mn_gbp,2027,26,0.06581070165103617,True,Ensemble(2 models)
TLE,nominal_gva_mn_gbp,2028,26,0.06581070165103617,True,Ensemble(2 models)
TLE,nominal_gva_mn_gbp,2029,26,0.06581070165103617,True,Ensemble(2 models)
TLE,nominal_gva_mn_gbp,2030,26,0.06581070165103617,True,Ensemble(2 models)
TLF,chained_gva_mn_gbp,2024,26,0.02698828717593215,True,Ensemble(2 models)
TLF,chained_gva_mn_gbp,2025,26,0.02698828717593215,True,Ensemble(2 models)
TLF,chained_gva_mn_gbp,2026,26,0.02698828717593215,True,Ensemble(2 models)
TLF,chained_gva_mn_gbp,2027,26,0.02698828717593215,True,Ensemble(2 models)
TLF,chained_gva_mn_gbp,2028,26,0.02698828717593215,True,Ensemble(2 models)
TLF,chained_gva_mn_gbp,2029,26,0.02698828717593215,True,Ensemble(2 models)
TLF,chained_gva_mn_gbp,2030,26,0.02698828717593215,True,Ensemble(2 models)
TLF,emp_total_jobs,2024,15,,True,Linear
TLF,emp_total_jobs,2025,15,,True,Linear
TLF,emp_total_jobs,2026,15,,True,Linear
TLF,emp_total_jobs,2027,15,,True,Linear
TLF,emp_total_jobs,2028,15,,True,Linear
TLF,emp_total_jobs,2029,15,,True,Linear
TLF,emp_total_jobs,2030,15,,True,Linear
TLF,nominal_gva_mn_gbp,2024,26,0.04167292029754374,True,Ensemble(2 models)
TLF,nominal_gva_mn_gbp,2025,26,0.04167292029754374,True,Ensemble(2 models)
TLF,nominal_gva_mn_gbp,2026,26,0.04167292029754374,True,Ensemble(2 models)
TLF,nominal_gva_mn_gbp,2027,26,0.04167292029754374,True,Ensemble(2 models)
TLF,nominal_gva_mn_gbp,2028,26,0.04167292029754374,True,Ensemble(2 models)
TLF,nominal_gva_mn_gbp,2029,26,0.04167292029754374,True,Ensemble(2 models)
TLF,nominal_gva_mn_gbp,2030,26,0.04167292029754374,True,Ensemble(2 models)
TLG,chained_gva_mn_gbp,2024,26,0.038340826965714815,True,Ensemble(2 models)
TLG,chained_gva_mn_gbp,2025,26,0.038340826965714815,True,Ensemble(2 models)
TLG,chained_gva_mn_gbp,2026,26,0.038340826965714815,True,Ensemble(2 models)
TLG,chained_gva_mn_gbp,2027,26,0.038340826965714815,True,Ensemble(2 models)
TLG,chained_gva_mn_gbp,2028,26,0.038340826965714815,True,Ensemble(2 models)
TLG,chained_gva_mn_gbp,2029,26,0.038340826965714815,True,Ensemble(2 models)
TLG,chained_gva_mn_gbp,2030,26,0.038340826965714815,True,Ensemble(2 models)
TLG,emp_total_jobs,2024,15,,True,Linear
TLG,emp_total_jobs,2025,15,,True,Linear
TLG,emp_total_jobs,2026,15,,True,Linear
TLG,emp_total_jobs,2027,15,,True,Linear
TLG,emp_total_jobs,2028,15,,True,Linear
TLG,emp_total_jobs,2029,15,,True,Linear
TLG,emp_total_jobs,2030,15,,True,Linear
TLG,nominal_gva_mn_gbp,2024,26,0.04215150464228991,True,Ensemble(2 models)
TLG,nominal_gva_mn_gbp,2025,26,0.04215150464228991,True,Ensemble(2 models)
TLG,nominal_gva_mn_gbp,2026,26,0.04215150464228991,True,Ensemble(2 models)
TLG,nominal_gva_mn_gbp,2027,26,0.04215150464228991,True,Ensemble(2 models)
TLG,nominal_gva_mn_gbp,2028,26,0.04215150464228991,True,Ensemble(2 models)
TLG,nominal_gva_mn_gbp,2029,26,0.04215150464228991,True,Ensemble(2 models)
TLG,nominal_gva_mn_gbp,2030,26,0.04215150464228991,True,Ensemble(2 models)
TLH,chained_gva_mn_gbp,2024,26,0.03713851446513063,True,Ensemble(2 models)
TLH,chained_gva_mn_gbp,2025,26,0.03713851446513063,True,Ensemble(2 models)
TLH,chained_gva_mn_gbp,2026,26,0.03713851446513063,True,Ensemble(2 models)
TLH,chained_gva_mn_gbp,2027,26,0.03713851446513063,True,Ensemble(2 models)
TLH,chained_gva_mn_gbp,2028,26,0.03713851446513063,True,Ensemble(2 models)
TLH,chained_gva_mn_gbp,2029,26,0.03713851446513063,True,Ensemble(2 models)
TLH,chained_gva_mn_gbp,2030,26,0.03713851446513063,True,Ensemble(2 models)
TLH,emp_total_jobs,2024,15,,True,Linear
TLH,emp_total_jobs,2025,15,,True,Linear
TLH,emp_total_jobs,2026,15,,True,Linear
TLH,emp_total_jobs,2027,15,,True,Linear
TLH,emp_total_jobs,2028,15,,True,Linear
TLH,emp_total_jobs,2029,15,,True,Linear
TLH,emp_total_jobs,2030,15,,True,Linear
TLH,nominal_gva_mn_gbp,2024,26,0.04680524255332651,True,Ensemble(2 models)
TLH,nominal_gva_mn_gbp,2025,26,0.04680524255332651,True,Ensemble(2 models)
TLH,nominal_gva_mn_gbp,2026,26,0.04680524255332651,True,Ensemble(2 models)
TLH,nominal_gva_mn_gbp,2027,26,0.04680524255332651,True,Ensemble(2 models)
TLH,nominal_gva_mn_gbp,2028,26,0.04680524255332651,True,Ensemble(2 models)
TLH,nominal_gva_mn_gbp,2029,26,0.04680524255332651,True,Ensemble(2 models)
TLH,nominal_gva_mn_gbp,2030,26,0.04680524255332651,True,Ensemble(2 models)
TLI,chained_gva_mn_gbp,2024,26,0.05228109151298277,True,Ensemble(2 models)
TLI,chained_gva_mn_gbp,2025,26,0.05228109151298277,True,Ensemble(2 models)
TLI,chained_gva_mn_gbp,2026,26,0.05228109151298277,True,Ensemble(2 models)
TLI,chained_gva_mn_gbp,2027,26,0.05228109151298277,True,Ensemble(2 models)
TLI,chained_gva_mn_gbp,2028,26,0.05228109151298277,True,Ensemble(2 models)
TLI,chained_gva_mn_gbp,2029,26,0.05228109151298277,True,Ensemble(2 models)
TLI,chained_gva_mn_gbp,2030,26,0.05228109151298277,True,Ensemble(2 models)
TLI,emp_total_jobs,2024,15,,True,Linear
TLI,emp_total_jobs,2025,15,,True,Linear
TLI,emp_total_jobs,2026,15,,True,Linear
TLI,emp_total_jobs,2027,15,,True,Linear
TLI,emp_total_jobs,2028,15,,True,Linear
TLI,emp_total_jobs,2029,15,,True,Linear
TLI,emp_total_jobs,2030,15,,True,Linear
TLI,nominal_gva_mn_gbp,2024,26,0.04976066674978137,True,Ensemble(2 models)
TLI,nominal_gva_mn_gbp,2025,26,0.04976066674978137,True,Ensemble(2 models)
TLI,nominal_gva_mn_gbp,2026,26,0.04976066674978137,True,Ensemble(2 models)
TLI,nominal_gva_mn_gbp,2027,26,0.04976066674978137,True,Ensemble(2 models)
TLI,nominal_gva_mn_gbp,2028,26,0.04976066674978137,True,Ensemble(2 models)
TLI,nominal_gva_mn_gbp,2029,26,0.04976066674978137,True,Ensemble(2 models)
TLI,nominal_gva_mn_gbp,2030,26,0.04976066674978137,True,Ensemble(2 models)
TLJ,chained_gva_mn_gbp,2024,26,0.01929973073483245,True,Ensemble(2 models)
TLJ,chained_gva_mn_gbp,2025,26,0.01929973073483245,True,Ensemble(2 models)
TLJ,chained_gva_mn_gbp,2026,26,0.01929973073483245,True,Ensemble(2 models)
TLJ,chained_gva_mn_gbp,2027,26,0.01929973073483245,True,Ensemble(2 models)
TLJ,chained_gva_mn_gbp,2028,26,0.01929973073483245,True,Ensemble(2 models)
TLJ,chained_gva_mn_gbp,2029,26,0.01929973073483245,True,Ensemble(2 models)
TLJ,chained_gva_mn_gbp,2030,26,0.01929973073483245,True,Ensemble(2 models)
TLJ,emp_total_jobs,2024,15,,True,Linear
TLJ,emp_total_jobs,2025,15,,True,Linear
TLJ,emp_total_jobs,2026,15,,True,Linear
TLJ,emp_total_jobs,2027,15,,True,Linear
TLJ,emp_total_jobs,2028,15,,True,Linear
TLJ,emp_total_jobs,2029,15,,True,Linear
TLJ,emp_total_jobs,2030,15,,True,Linear
TLJ,nominal_gva_mn_gbp,2024,26,0.03227560335162166,True,Ensemble(2 models)
TLJ,nominal_gva_mn_gbp,2025,26,0.03227560335162166,True,Ensemble(2 models)
TLJ,nominal_gva_mn_gbp,2026,26,0.03227560335162166,True,Ensemble(2 models)
TLJ,nominal_gva_mn_gbp,2027,26,0.03227560335162166,True,Ensemble(2 models)
TLJ,nominal_gva_mn_gbp,2028,26,0.03227560335162166,True,Ensemble(2 models)
TLJ,nominal_gva_mn_gbp,2029,26,0.03227560335162166,True,Ensemble(2 models)
TLJ,nominal_gva_mn_gbp,2030,26,0.03227560335162166,True,Ensemble(2 models)
TLK,chained_gva_mn_gbp,2024,26,0.03619424971600199,True,Ensemble(2 models)
TLK,chained_gva_mn_gbp,2025,26,0.03619424971600199,True,Ensemble(2 models)
TLK,chained_gva_mn_gbp,2026,26,0.03619424971600199,True,Ensemble(2 models)
TLK,chained_gva_mn_gbp,2027,26,0.03619424971600199,True,Ensemble(2 models)
TLK,chained_gva_mn_gbp,2028,26,0.03619424971600199,True,Ensemble(2 models)
TLK,chained_gva_mn_gbp,2029,26,0.03619424971600199,True,Ensemble(2 models)
TLK,chained_gva_mn_gbp,2030,26,0.03619424971600199,True,Ensemble(2 models)
TLK,emp_total_jobs,2024,15,,True,Linear
TLK,emp_total_jobs,2025,15,,True,Linear
TLK,emp_total_jobs,2026,15,,True,Linear
TLK,emp_total_jobs,2027,15,,True,Linear
TLK,emp_total_jobs,2028,15,,True,Linear
TLK,emp_total_jobs,2029,15,,True,Linear
TLK,emp_total_jobs,2030,15,,True,Linear
TLK,nominal_gva_mn_gbp,2024,26,0.055489039081063445,True,Ensemble(2 models)
TLK,nominal_gva_mn_gbp,2025,26,0.055489039081063445,True,Ensemble(2 models)
TLK,nominal_gva_mn_gbp,2026,26,0.055489039081063445,True,Ensemble(2 models)
TLK,nominal_gva_mn_gbp,2027,26,0.055489039081063445,True,Ensemble(2 models)
TLK,nominal_gva_mn_gbp,2028,26,0.055489039081063445,True,Ensemble(2 models)
TLK,nominal_gva_mn_gbp,2029,26,0.055489039081063445,True,Ensemble(2 models)
TLK,nominal_gva_mn_gbp,2030,26,0.055489039081063445,True,Ensemble(2 models)
TLL,chained_gva_mn_gbp,2024,26,0.03019834907002889,True,Ensemble(2 models)
TLL,chained_gva_mn_gbp,2025,26,0.03019834907002889,True,Ensemble(2 models)
TLL,chained_gva_mn_gbp,2026,26,0.03019834907002889,True,Ensemble(2 models)
TLL,chained_gva_mn_gbp,2027,26,0.03019834907002889,True,Ensemble(2 models)
TLL,chained_gva_mn_gbp,2028,26,0.03019834907002889,True,Ensemble(2 models)
TLL,chained_gva_mn_gbp,2029,26,0.03019834907002889,True,Ensemble(2 models)
TLL,chained_gva_mn_gbp,2030,26,0.03019834907002889,True,Ensemble(2 models)
TLL,emp_total_jobs,2024,15,,True,Linear
TLL,emp_total_jobs,2025,15,,True,Linear
TLL,emp_total_jobs,2026,15,,True,Linear
TLL,emp_total_jobs,2027,15,,True,Linear
TLL,emp_total_jobs,2028,15,,True,Linear
TLL,emp_total_jobs,2029,15,,True,Linear
TLL,emp_total_jobs,2030,15,,True,Linear
TLL,nominal_gva_mn_gbp,2024,26,0.041712786146260845,True,Ensemble(2 models)
TLL,nominal_gva_mn_gbp,2025,26,0.041712786146260845,True,Ensemble(2 models)
TLL,nominal_gva_mn_gbp,2026,26,0.041712786146260845,True,Ensemble(2 models)
TLL,nominal_gva_mn_gbp,2027,26,0.041712786146260845,True,Ensemble(2 models)
TLL,nominal_gva_mn_gbp,2028,26,0.041712786146260845,True,Ensemble(2 models)
TLL,nominal_gva_mn_gbp,2029,26,0.041712786146260845,True,Ensemble(2 models)
TLL,nominal_gva_mn_gbp,2030,26,0.041712786146260845,True,Ensemble(2 models)
TLM,chained_gva_mn_gbp,2024,26,0.03571180201681626,True,Ensemble(2 models)
TLM,chained_gva_mn_gbp,2025,26,0.03571180201681626,True,Ensemble(2 models)
TLM,chained_gva_mn_gbp,2026,26,0.03571180201681626,True,Ensemble(2 models)
TLM,chained_gva_mn_gbp,2027,26,0.03571180201681626,True,Ensemble(2 models)
TLM,chained_gva_mn_gbp,2028,26,0.03571180201681626,True,Ensemble(2 models)
TLM,chained_gva_mn_gbp,2029,26,0.03571180201681626,True,Ensemble(2 models)
TLM,chained_gva_mn_gbp,2030,26,0.03571180201681626,True,Ensemble(2 models)
TLM,emp_total_jobs,2024,15,,True,Linear
TLM,emp_total_jobs,2025,15,,True,Linear
TLM,emp_total_jobs,2026,15,,True,Linear
TLM,emp_total_jobs,2027,15,,True,Linear
TLM,emp_total_jobs,2028,15,,True,Linear
TLM,emp_total_jobs,2029,15,,True,Linear
TLM,emp_total_jobs,2030,15,,True,Linear
TLM,nominal_gva_mn_gbp,2024,26,0.051844416357109034,True,Ensemble(2 models)
TLM,nominal_gva_mn_gbp,2025,26,0.051844416357109034,True,Ensemble(2 models)
TLM,nominal_gva_mn_gbp,2026,26,0.051844416357109034,True,Ensemble(2 models)
TLM,nominal_gva_mn_gbp,2027,26,0.051844416357109034,True,Ensemble(2 models)
TLM,nominal_gva_mn_gbp,2028,26,0.051844416357109034,True,Ensemble(2 models)
TLM,nominal_gva_mn_gbp,2029,26,0.051844416357109034,True,Ensemble(2 models)
TLM,nominal_gva_mn_gbp,2030,26,0.051844416357109034,True,Ensemble(2 models)
TLN,chained_gva_mn_gbp,2024,26,0.04408249247112874,True,Ensemble(2 models)
TLN,chained_gva_mn_gbp,2025,26,0.04408249247112874,True,Ensemble(2 models)
TLN,chained_gva_mn_gbp,2026,26,0.04408249247112874,True,Ensemble(2 models)
TLN,chained_gva_mn_gbp,2027,26,0.04408249247112874,True,Ensemble(2 models)
TLN,chained_gva_mn_gbp,2028,26,0.04408249247112874,True,Ensemble(2 models)
TLN,chained_gva_mn_gbp,2029,26,0.04408249247112874,True,Ensemble(2 models)
TLN,chained_gva_mn_gbp,2030,26,0.04408249247112874,True,Ensemble(2 models)
TLN,nominal_gva_mn_gbp,2024,26,0.0643574175825225,True,Ensemble(2 models)
TLN,nominal_gva_mn_gbp,2025,26,0.0643574175825225,True,Ensemble(2 models)
TLN,nominal_gva_mn_gbp,2026,26,0.0643574175825225,True,Ensemble(2 models)
TLN,nominal_gva_mn_gbp,2027,26,0.0643574175825225,True,Ensemble(2 models)
TLN,nominal_gva_mn_gbp,2028,26,0.0643574175825225,True,Ensemble(2 models)
TLN,nominal_gva_mn_gbp,2029,26,0.0643574175825225,True,Ensemble(2 models)
TLN,nominal_gva_mn_gbp,2030,26,0.0643574175825225,True,Ensemble(2 models)
W92000004,gdhi_per_head_gbp,2023,26,0.0193554852612275,True,Ensemble(2 models)
W92000004,gdhi_per_head_gbp,2024,26,0.0193554852612275,True,Ensemble(2 models)
W92000004,gdhi_per_head_gbp,2025,26,0.0193554852612275,True,Ensemble(2 models)
W92000004,gdhi_per_head_gbp,2026,26,0.0193554852612275,True,Ensemble(2 models)
W92000004,gdhi_per_head_gbp,2027,26,0.0193554852612275,True,Ensemble(2 models)
W92000004,gdhi_per_head_gbp,2028,26,0.0193554852612275,True,Ensemble(2 models)
W92000004,gdhi_per_head_gbp,2029,26,0.0193554852612275,True,Ensemble(2 models)
W92000004,gdhi_per_head_gbp,2030,26,0.0193554852612275,True,Ensemble(2 models)
W92000004,gdhi_total_mn_gbp,2023,26,0.021477467743469657,True,Ensemble(2 models)
W92000004,gdhi_total_mn_gbp,2024,26,0.021477467743469657,True,Ensemble(2 models)
W92000004,gdhi_total_mn_gbp,2025,26,0.021477467743469657,True,Ensemble(2 models)
W92000004,gdhi_total_mn_gbp,2026,26,0.021477467743469657,True,Ensemble(2 models)
W92000004,gdhi_total_mn_gbp,2027,26,0.021477467743469657,True,Ensemble(2 models)
W92000004,gdhi_total_mn_gbp,2028,26,0.021477467743469657,True,Ensemble(2 models)
W92000004,gdhi_total_mn_gbp,2029,26,0.021477467743469657,True,Ensemble(2 models)
W92000004,gdhi_total_mn_gbp,2030,26,0.021477467743469657,True,Ensemble(2 models)
