DATE,DATE_NAME,DATE_CODE,DATE_TYPE,DATE_TYPECODE,DATE_SORTORDER,GEOGRAPHY,GEOGRAPHY_NAME,GEOGRAPHY_CODE,GEOGRAPHY_TYPE,GEOGRAPHY_TYPECODE,GEOGRAPHY_SORTORDER,INDUSTRY,INDUSTRY_NAME,INDUSTRY_CODE,INDUSTRY_TYPE,INDUSTRY_TYPECODE,INDUSTRY_SORTORDER,EMPLOYMENT_STATUS,EMPLOYMENT_STATUS_NAME,EMPLOYMENT_STATUS_CODE,EMPLOYMENT_STATUS_TYPE,EMPLOYMENT_STATUS_TYPECODE,EMPLOYMENT_STATUS_SORTORDER,MEASURE,MEASURE_NAME,MEASURE_CODE,MEASURE_TYPE,MEASURE_TYPECODE,MEASURE_SORTORDER,MEASURES,MEASURES_NAME,OBS_VALUE,OBS_STATUS,OBS_STATUS_NAME,OBS_CONF,OBS_CONF_NAME,URN,RECORD_OFFSET,RECORD_COUNT
2009,2009,2009,date,0,0,2013265926,East,E12000006,regions,480,5,37748736,Total,37748736,industry,9,0,1,Employees,1,Employment,1000,0,1,Count,1,percent,1000,0,20100,Value,2423000,A,Normal Value,F,Free (free for publication),Nm-171d1d32144e0d2013265926d37748736d0d1d1d3d20100,5,77
2010,2010,2010,date,0,1,2013265926,East,E12000006,regions,480,5,37748736,Total,37748736,industry,9,0,1,Employees,1,Employment,1000,0,1,Count,1,percent,1000,0,20100,Value,2400000,A,Normal Value,F,Free (free for publication),Nm-171d1d32160e0d2013265926d37748736d0d1d1d3d20100,16,77
2011,2011,2011,date,0,2,2013265926,East,E12000006,regions,480,5,37748736,Total,37748736,industry,9,0,1,Employees,1,Employment,1000,0,1,Count,1,percent,1000,0,20100,Value,2405000,A,Normal Value,F,Free (free for publication),Nm-171d1d32176e0d2013265926d37748736d0d1d1d3d20100,27,77
2012,2012,2012,date,0,3,2013265926,East,E12000006,regions,480,5,37748736,Total,37748736,industry,9,0,1,Employees,1,Employment,1000,0,1,Count,1,percent,1000,0,20100,Value,2419000,A,Normal Value,F,Free (free for publication),Nm-171d1d32192e0d2013265926d37748736d0d1d1d3d20100,38,77
2013,2013,2013,date,0,4,2013265926,East,E12000006,regions,480,5,37748736,Total,37748736,industry,9,0,1,Employees,1,Employment,1000,0,1,Count,1,percent,1000,0,20100,Value,2447000,A,Normal Value,F,Free (free for publication),Nm-171d1d32208e0d2013265926d37748736d0d1d1d3d20100,49,77
2014,2014,2014,date,0,5,2013265926,East,E12000006,regions,480,5,37748736,Total,37748736,industry,9,0,1,Employees,1,Employment,1000,0,1,Count,1,percent,1000,0,20100,Value,2557000,A,Normal Value,F,Free (free for publication),Nm-171d1d32224e0d2013265926d37748736d0d1d1d3d20100,60,77
2015,2015,2015,date,0,6,2013265926,East,E12000006,regions,480,5,37748736,Total,37748736,industry,9,0,1,Employees,1,Employment,1000,0,1,Count,1,percent,1000,0,20100,Value,2611000,A,Normal Value,F,Free (free for publication),Nm-171d1d32240e0d2013265926d37748736d0d1d1d3d20100,71,77
2015,2015,2015,date,0,0,2013265926,East,E12000006,regions,480,5,37748736,Total,37748736,industry,9,0,1,Employees,1,Employment,1000,0,1,Count,1,percent,1000,0,20100,Value,2629000,A,Normal Value,F,Free (free for publication),Nm-188d1d32240e1d2013265926d37748736d0d1d1d3d20100,5,99
2016,2016,2016,date,0,1,2013265926,East,E12000006,regions,480,5,37748736,Total,37748736,industry,9,0,1,Employees,1,Employment,1000,0,1,Count,1,percent,1000,0,20100,Value,2701000,A,Normal Value,F,Free (free for publication),Nm-188d1d32256e1d2013265926d37748736d0d1d1d3d20100,16,99
2017,2017,2017,date,0,2,2013265926,East,E12000006,regions,480,5,37748736,Total,37748736,industry,9,0,1,Employees,1,Employment,1000,0,1,Count,1,percent,1000,0,20100,Value,2763000,A,Normal Value,F,Free (free for publication),Nm-188d1d32272e1d2013265926d37748736d0d1d1d3d20100,27,99
2018,2018,2018,date,0,3,2013265926,East,E12000006,regions,480,5,37748736,Total,37748736,industry,9,0,1,Employees,1,Employment,1000,0,1,Count,1,percent,1000,0,20100,Value,2764000,A,Normal Value,F,Free (free for publication),Nm-188d1d32288e1d2013265926d37748736d0d1d1d3d20100,38,99
2019,2019,2019,date,0,4,2013265926,East,E12000006,regions,480,5,37748736,Total,37748736,industry,9,0,1,Employees,1,Employment,1000,0,1,Count,1,percent,1000,0,20100,Value,2784000,A,Normal Value,F,Free (free for publication),Nm-188d1d32304e1d2013265926d37748736d0d1d1d3d20100,49,99
2020,2020,2020,date,0,5,2013265926,East,E12000006,regions,480,5,37748736,Total,37748736,industry,9,0,1,Employees,1,Employment,1000,0,1,Count,1,percent,1000,0,20100,Value,2780000,A,Normal Value,F,Free (free for publication),Nm-188d1d32320e1d2013265926d37748736d0d1d1d3d20100,60,99
2021,2021,2021,date,0,6,2013265926,East,E12000006,regions,480,5,37748736,Total,37748736,industry,9,0,1,Employees,1,Employment,1000,0,1,Count,1,percent,1000,0,20100,Value,2829000,A,Normal Value,F,Free (free for publication),Nm-188d1d32336e2d2013265926d37748736d0d1d1d3d20100,71,99
2022,2022,2022,date,0,7,2013265926,East,E12000006,regions,480,5,37748736,Total,37748736,industry,9,0,1,Employees,1,Employment,1000,0,1,Count,1,percent,1000,0,20100,Value,2821000,A,Normal Value,F,Free (free for publication),Nm-188d1d32352e1d2013265926d37748736d0d1d1d3d20100,82,99
2023,2023,2023,date,0,8,2013265926,East,E12000006,regions,480,5,37748736,Total,37748736,industry,9,0,1,Employees,1,Employment,1000,0,1,Count,1,percent,1000,0,20100,Value,2881000,A,Normal Value,F,Free (free for publication),Nm-188d1d32368e0d2013265926d37748736d0d1d1d3d20100,93,99
2009,2009,2009,date,0,0,2013265924,East Midlands,E12000004,regions,480,3,37748736,Total,37748736,industry,9,0,1,Employees,1,Employment,1000,0,1,Count,1,percent,1000,0,20100,Value,1907000,A,Normal Value,F,Free (free for publication),Nm-171d1d32144e0d2013265924d37748736d0d1d1d3d20100,3,77
2010,2010,2010,date,0,1,2013265924,East Midlands,E12000004,regions,480,3,37748736,Total,37748736,industry,9,0,1,Employees,1,Employment,1000,0,1,Count,1,percent,1000,0,20100,Value,1906000,A,Normal Value,F,Free (free for publication),Nm-171d1d32160e0d2013265924d37748736d0d1d1d3d20100,14,77
2011,2011,2011,date,0,2,2013265924,East Midlands,E12000004,regions,480,3,37748736,Total,37748736,industry,9,0,1,Employees,1,Employment,1000,0,1,Count,1,percent,1000,0,20100,Value,1902000,A,Normal Value,F,Free (free for publication),Nm-171d1d32176e0d2013265924d37748736d0d1d1d3d20100,25,77
2012,2012,2012,date,0,3,2013265924,East Midlands,E12000004,regions,480,3,37748736,Total,37748736,industry,9,0,1,Employees,1,Employment,1000,0,1,Count,1,percent,1000,0,20100,Value,1903000,A,Normal Value,F,Free (free for publication),Nm-171d1d32192e0d2013265924d37748736d0d1d1d3d20100,36,77
2013,2013,2013,date,0,4,2013265924,East Midlands,E12000004,regions,480,3,37748736,Total,37748736,industry,9,0,1,Employees,1,Employment,1000,0,1,Count,1,percent,1000,0,20100,Value,1907000,A,Normal Value,F,Free (free for publication),Nm-171d1d32208e0d2013265924d37748736d0d1d1d3d20100,47,77
2014,2014,2014,date,0,5,2013265924,East Midlands,E12000004,regions,480,3,37748736,Total,37748736,industry,9,0,1,Employees,1,Employment,1000,0,1,Count,1,percent,1000,0,20100,Value,1947000,A,Normal Value,F,Free (free for publication),Nm-171d1d32224e0d2013265924d37748736d0d1d1d3d20100,58,77
2015,2015,2015,date,0,6,2013265924,East Midlands,E12000004,regions,480,3,37748736,Total,37748736,industry,9,0,1,Employees,1,Employment,1000,0,1,Count,1,percent,1000,0,20100,Value,1995000,A,Normal Value,F,Free (free for publication),Nm-171d1d32240e0d2013265924d37748736d0d1d1d3d20100,69,77
2015,2015,2015,date,0,0,2013265924,East Midlands,E12000004,regions,480,3,37748736,Total,37748736,industry,9,0,1,Employees,1,Employment,1000,0,1,Count,1,percent,1000,0,20100,Value,2010000,A,Normal Value,F,Free (free for publication),Nm-188d1d32240e1d2013265924d37748736d0d1d1d3d20100,3,99
2016,2016,2016,date,0,1,2013265924,East Midlands,E12000004,regions,480,3,37748736,Total,37748736,industry,9,0,1,Employees,1,Employment,1000,0,1,Count,1,percent,1000,0,20100,Value,2062000,A,Normal Value,F,Free (free for publication),Nm-188d1d32256e1d2013265924d37748736d0d1d1d3d20100,14,99
2017,2017,2017,date,0,2,2013265924,East Midlands,E12000004,regions,480,3,37748736,Total,37748736,industry,9,0,1,Employees,1,Employment,1000,0,1,Count,1,percent,1000,0,20100,Value,2062000,A,Normal Value,F,Free (free for publication),Nm-188d1d32272e1d2013265924d37748736d0d1d1d3d20100,25,99
2018,2018,2018,date,0,3,2013265924,East Midlands,E12000004,regions,480,3,37748736,Total,37748736,industry,9,0,1,Employees,1,Employment,1000,0,1,Count,1,percent,1000,0,20100,Value,2070000,A,Normal Value,F,Free (free for publication),Nm-188d1d32288e1d2013265924d37748736d0d1d1d3d20100,36,99
2019,2019,2019,date,0,4,2013265924,East Midlands,E12000004,regions,480,3,37748736,Total,37748736,industry,9,0,1,Employees,1,Employment,1000,0,1,Count,1,percent,1000,0,20100,Value,2089000,A,Normal Value,F,Free (free for publication),Nm-188d1d32304e1d2013265924d37748736d0d1d1d3d20100,47,99
2020,2020,2020,date,0,5,2013265924,East Midlands,E12000004,regions,480,3,37748736,Total,37748736,industry,9,0,1,Employees,1,Employment,1000,0,1,Count,1,percent,1000,0,20100,Value,2049000,A,Normal Value,F,Free (free for publication),Nm-188d1d32320e1d2013265924d37748736d0d1d1d3d20100,58,99
2021,2021,2021,date,0,6,2013265924,East Midlands,E12000004,regions,480,3,37748736,Total,37748736,industry,9,0,1,Employees,1,Employment,1000,0,1,Count,1,percent,1000,0,20100,Value,2109000,A,Normal Value,F,Free (free for publication),Nm-188d1d32336e2d2013265924d37748736d0d1d1d3d20100,69,99
2022,2022,2022,date,0,7,2013265924,East Midlands,E12000004,regions,480,3,37748736,Total,37748736,industry,9,0,1,Employees,1,Employment,1000,0,1,Count,1,percent,1000,0,20100,Value,2167000,A,Normal Value,F,Free (free for publication),Nm-188d1d32352e1d2013265924d37748736d0d1d1d3d20100,80,99
2023,2023,2023,date,0,8,2013265924,East Midlands,E12000004,regions,480,3,37748736,Total,37748736,industry,9,0,1,Employees,1,Employment,1000,0,1,Count,1,percent,1000,0,20100,Value,2137000,A,Normal Value,F,Free (free for publication),Nm-188d1d32368e0d2013265924d37748736d0d1d1d3d20100,91,99
2009,2009,2009,date,0,0,2013265927,London,E12000007,regions,480,6,37748736,Total,37748736,industry,9,0,1,Employees,1,Employment,1000,0,1,Count,1,percent,1000,0,20100,Value,4143000,A,Normal Value,F,Free (free for publication),Nm-171d1d32144e0d2013265927d37748736d0d1d1d3d20100,6,77
2010,2010,2010,date,0,1,2013265927,London,E12000007,regions,480,6,37748736,Total,37748736,industry,9,0,1,Employees,1,Employment,1000,0,1,Count,1,percent,1000,0,20100,Value,4206000,A,Normal Value,F,Free (free for publication),Nm-171d1d32160e0d2013265927d37748736d0d1d1d3d20100,17,77
2011,2011,2011,date,0,2,2013265927,London,E12000007,regions,480,6,37748736,Total,37748736,industry,9,0,1,Employees,1,Employment,1000,0,1,Count,1,percent,1000,0,20100,Value,4304000,A,Normal Value,F,Free (free for publication),Nm-171d1d32176e0d2013265927d37748736d0d1d1d3d20100,28,77
2012,2012,2012,date,0,3,2013265927,London,E12000007,regions,480,6,37748736,Total,37748736,industry,9,0,1,Employees,1,Employment,1000,0,1,Count,1,percent,1000,0,20100,Value,4447000,A,Normal Value,F,Free (free for publication),Nm-171d1d32192e0d2013265927d37748736d0d1d1d3d20100,39,77
2013,2013,2013,date,0,4,2013265927,London,E12000007,regions,480,6,37748736,Total,37748736,industry,9,0,1,Employees,1,Employment,1000,0,1,Count,1,percent,1000,0,20100,Value,4560000,A,Normal Value,F,Free (free for publication),Nm-171d1d32208e0d2013265927d37748736d0d1d1d3d20100,50,77
2014,2014,2014,date,0,5,2013265927,London,E12000007,regions,480,6,37748736,Total,37748736,industry,9,0,1,Employees,1,Employment,1000,0,1,Count,1,percent,1000,0,20100,Value,4737000,A,Normal Value,F,Free (free for publication),Nm-171d1d32224e0d2013265927d37748736d0d1d1d3d20100,61,77
2015,2015,2015,date,0,6,2013265927,London,E12000007,regions,480,6,37748736,Total,37748736,industry,9,0,1,Employees,1,Employment,1000,0,1,Count,1,percent,1000,0,20100,Value,4894000,A,Normal Value,F,Free (free for publication),Nm-171d1d32240e0d2013265927d37748736d0d1d1d3d20100,72,77
2015,2015,2015,date,0,0,2013265927,London,E12000007,regions,480,6,37748736,Total,37748736,industry,9,0,1,Employees,1,Employment,1000,0,1,Count,1,percent,1000,0,20100,Value,4924000,A,Normal Value,F,Free (free for publication),Nm-188d1d32240e1d2013265927d37748736d0d1d1d3d20100,6,99
2016,2016,2016,date,0,1,2013265927,London,E12000007,regions,480,6,37748736,Total,37748736,industry,9,0,1,Employees,1,Employment,1000,0,1,Count,1,percent,1000,0,20100,Value,5019000,A,Normal Value,F,Free (free for publication),Nm-188d1d32256e1d2013265927d37748736d0d1d1d3d20100,17,99
2017,2017,2017,date,0,2,2013265927,London,E12000007,regions,480,6,37748736,Total,37748736,industry,9,0,1,Employees,1,Employment,1000,0,1,Count,1,percent,1000,0,20100,Value,5138000,A,Normal Value,F,Free (free for publication),Nm-188d1d32272e1d2013265927d37748736d0d1d1d3d20100,28,99
2018,2018,2018,date,0,3,2013265927,London,E12000007,regions,480,6,37748736,Total,37748736,industry,9,0,1,Employees,1,Employment,1000,0,1,Count,1,percent,1000,0,20100,Value,5148000,A,Normal Value,F,Free (free for publication),Nm-188d1d32288e1d2013265927d37748736d0d1d1d3d20100,39,99
2019,2019,2019,date,0,4,2013265927,London,E12000007,regions,480,6,37748736,Total,37748736,industry,9,0,1,Employees,1,Employment,1000,0,1,Count,1,percent,1000,0,20100,Value,5252000,A,Normal Value,F,Free (free for publication),Nm-188d1d32304e1d2013265927d37748736d0d1d1d3d20100,50,99
2020,2020,2020,date,0,5,2013265927,London,E12000007,regions,480,6,37748736,Total,37748736,industry,9,0,1,Employees,1,Employment,1000,0,1,Count,1,percent,1000,0,20100,Value,5121000,A,Normal Value,F,Free (free for publication),Nm-188d1d32320e1d2013265927d37748736d0d1d1d3d20100,61,99
2021,2021,2021,date,0,6,2013265927,London,E12000007,regions,480,6,37748736,Total,37748736,industry,9,0,1,Employees,1,Employment,1000,0,1,Count,1,percent,1000,0,20100,Value,5329000,A,Normal Value,F,Free (free for publication),Nm-188d1d32336e2d2013265927d37748736d0d1d1d3d20100,72,99
2022,2022,2022,date,0,7,2013265927,London,E12000007,regions,480,6,37748736,Total,37748736,industry,9,0,1,Employees,1,Employment,1000,0,1,Count,1,percent,1000,0,20100,Value,5618000,A,Normal Value,F,Free (free for publication),Nm-188d1d32352e1d2013265927d37748736d0d1d1d3d20100,83,99
2023,2023,2023,date,0,8,2013265927,London,E12000007,regions,480,6,37748736,Total,37748736,industry,9,0,1,Employees,1,Employment,1000,0,1,Count,1,percent,1000,0,20100,Value,5700000,A,Normal Value,F,Free (free for publication),Nm-188d1d32368e0d2013265927d37748736d0d1d1d3d20100,94,99
2009,2009,2009,date,0,0,2013265921,North East,E12000001,regions,480,0,37748736,Total,37748736,industry,9,0,1,Employees,1,Employment,1000,0,1,Count,1,percent,1000,0,20100,Value,1012000,A,Normal Value,F,Free (free for publication),Nm-171d1d32144e0d2013265921d37748736d0d1d1d3d20100,0,77
2010,2010,2010,date,0,1,2013265921,North East,E12000001,regions,480,0,37748736,Total,37748736,industry,9,0,1,Employees,1,Employment,1000,0,1,Count,1,percent,1000,0,20100,Value,1011000,A,Normal Value,F,Free (free for publication),Nm-171d1d32160e0d2013265921d37748736d0d1d1d3d20100,11,77
2011,2011,2011,date,0,2,2013265921,North East,E12000001,regions,480,0,37748736,Total,37748736,industry,9,0,1,Employees,1,Employment,1000,0,1,Count,1,percent,1000,0,20100,Value,1006000,A,Normal Value,F,Free (free for publication),Nm-171d1d32176e0d2013265921d37748736d0d1d1d3d20100,22,77
2012,2012,2012,date,0,3,2013265921,North East,E12000001,regions,480,0,37748736,Total,37748736,industry,9,0,1,Employees,1,Employment,1000,0,1,Count,1,percent,1000,0,20100,Value,1001000,A,Normal Value,F,Free (free for publication),Nm-171d1d32192e0d2013265921d37748736d0d1d1d3d20100,33,77
2013,2013,2013,date,0,4,2013265921,North East,E12000001,regions,480,0,37748736,Total,37748736,industry,9,0,1,Employees,1,Employment,1000,0,1,Count,1,percent,1000,0,20100,Value,1006000,A,Normal Value,F,Free (free for publication),Nm-171d1d32208e0d2013265921d37748736d0d1d1d3d20100,44,77
2014,2014,2014,date,0,5,2013265921,North East,E12000001,regions,480,0,37748736,Total,37748736,industry,9,0,1,Employees,1,Employment,1000,0,1,Count,1,percent,1000,0,20100,Value,1034000,A,Normal Value,F,Free (free for publication),Nm-171d1d32224e0d2013265921d37748736d0d1d1d3d20100,55,77
2015,2015,2015,date,0,6,2013265921,North East,E12000001,regions,480,0,37748736,Total,37748736,industry,9,0,1,Employees,1,Employment,1000,0,1,Count,1,percent,1000,0,20100,Value,1054000,A,Normal Value,F,Free (free for publication),Nm-171d1d32240e0d2013265921d37748736d0d1d1d3d20100,66,77
2015,2015,2015,date,0,0,2013265921,North East,E12000001,regions,480,0,37748736,Total,37748736,industry,9,0,1,Employees,1,Employment,1000,0,1,Count,1,percent,1000,0,20100,Value,1063000,A,Normal Value,F,Free (free for publication),Nm-188d1d32240e1d2013265921d37748736d0d1d1d3d20100,0,99
2016,2016,2016,date,0,1,2013265921,North East,E12000001,regions,480,0,37748736,Total,37748736,industry,9,0,1,Employees,1,Employment,1000,0,1,Count,1,percent,1000,0,20100,Value,1037000,A,Normal Value,F,Free (free for publication),Nm-188d1d32256e1d2013265921d37748736d0d1d1d3d20100,11,99
2017,2017,2017,date,0,2,2013265921,North East,E12000001,regions,480,0,37748736,Total,37748736,industry,9,0,1,Employees,1,Employment,1000,0,1,Count,1,percent,1000,0,20100,Value,1064000,A,Normal Value,F,Free (free for publication),Nm-188d1d32272e1d2013265921d37748736d0d1d1d3d20100,22,99
2018,2018,2018,date,0,3,2013265921,North East,E12000001,regions,480,0,37748736,Total,37748736,industry,9,0,1,Employees,1,Employment,1000,0,1,Count,1,percent,1000,0,20100,Value,1052000,A,Normal Value,F,Free (free for publication),Nm-188d1d32288e1d2013265921d37748736d0d1d1d3d20100,33,99
2019,2019,2019,date,0,4,2013265921,North East,E12000001,regions,480,0,37748736,Total,37748736,industry,9,0,1,Employees,1,Employment,1000,0,1,Count,1,percent,1000,0,20100,Value,1070000,A,Normal Value,F,Free (free for publication),Nm-188d1d32304e1d2013265921d37748736d0d1d1d3d20100,44,99
2020,2020,2020,date,0,5,2013265921,North East,E12000001,regions,480,0,37748736,Total,37748736,industry,9,0,1,Employees,1,Employment,1000,0,1,Count,1,percent,1000,0,20100,Value,1040000,A,Normal Value,F,Free (free for publication),Nm-188d1d32320e1d2013265921d37748736d0d1d1d3d20100,55,99
2021,2021,2021,date,0,6,2013265921,North East,E12000001,regions,480,0,37748736,Total,37748736,industry,9,0,1,Employees,1,Employment,1000,0,1,Count,1,percent,1000,0,20100,Value,1087000,A,Normal Value,F,Free (free for publication),Nm-188d1d32336e2d2013265921d37748736d0d1d1d3d20100,66,99
2022,2022,2022,date,0,7,2013265921,North East,E12000001,regions,480,0,37748736,Total,37748736,industry,9,0,1,Employees,1,Employment,1000,0,1,Count,1,percent,1000,0,20100,Value,1069000,A,Normal Value,F,Free (free for publication),Nm-188d1d32352e1d2013265921d37748736d0d1d1d3d20100,77,99
2023,2023,2023,date,0,8,2013265921,North East,E12000001,regions,480,0,37748736,Total,37748736,industry,9,0,1,Employees,1,Employment,1000,0,1,Count,1,percent,1000,0,20100,Value,1102000,A,Normal Value,F,Free (free for publication),Nm-188d1d32368e0d2013265921d37748736d0d1d1d3d20100,88,99
2009,2009,2009,date,0,0,2013265922,North West,E12000002,regions,480,1,37748736,Total,37748736,industry,9,0,1,Employees,1,Employment,1000,0,1,Count,1,percent,1000,0,20100,Value,3012000,A,Normal Value,F,Free (free for publication),Nm-171d1d32144e0d2013265922d37748736d0d1d1d3d20100,1,77
2010,2010,2010,date,0,1,2013265922,North West,E12000002,regions,480,1,37748736,Total,37748736,industry,9,0,1,Employees,1,Employment,1000,0,1,Count,1,percent,1000,0,20100,Value,2980000,A,Normal Value,F,Free (free for publication),Nm-171d1d32160e0d2013265922d37748736d0d1d1d3d20100,12,77
2011,2011,2011,date,0,2,2013265922,North West,E12000002,regions,480,1,37748736,Total,37748736,industry,9,0,1,Employees,1,Employment,1000,0,1,Count,1,percent,1000,0,20100,Value,2977000,A,Normal Value,F,Free (free for publication),Nm-171d1d32176e0d2013265922d37748736d0d1d1d3d20100,23,77
2012,2012,2012,date,0,3,2013265922,North West,E12000002,regions,480,1,37748736,Total,37748736,industry,9,0,1,Employees,1,Employment,1000,0,1,Count,1,percent,1000,0,20100,Value,2987000,A,Normal Value,F,Free (free for publication),Nm-171d1d32192e0d2013265922d37748736d0d1d1d3d20100,34,77
2013,2013,2013,date,0,4,2013265922,North West,E12000002,regions,480,1,37748736,Total,37748736,industry,9,0,1,Employees,1,Employment,1000,0,1,Count,1,percent,1000,0,20100,Value,3017000,A,Normal Value,F,Free (free for publication),Nm-171d1d32208e0d2013265922d37748736d0d1d1d3d20100,45,77
2014,2014,2014,date,0,5,2013265922,North West,E12000002,regions,480,1,37748736,Total,37748736,industry,9,0,1,Employees,1,Employment,1000,0,1,Count,1,percent,1000,0,20100,Value,3086000,A,Normal Value,F,Free (free for publication),Nm-171d1d32224e0d2013265922d37748736d0d1d1d3d20100,56,77
2015,2015,2015,date,0,6,2013265922,North West,E12000002,regions,480,1,37748736,Total,37748736,industry,9,0,1,Employees,1,Employment,1000,0,1,Count,1,percent,1000,0,20100,Value,3136000,A,Normal Value,F,Free (free for publication),Nm-171d1d32240e0d2013265922d37748736d0d1d1d3d20100,67,77
2015,2015,2015,date,0,0,2013265922,North West,E12000002,regions,480,1,37748736,Total,37748736,industry,9,0,1,Employees,1,Employment,1000,0,1,Count,1,percent,1000,0,20100,Value,3162000,A,Normal Value,F,Free (free for publication),Nm-188d1d32240e1d2013265922d37748736d0d1d1d3d20100,1,99
2016,2016,2016,date,0,1,2013265922,North West,E12000002,regions,480,1,37748736,Total,37748736,industry,9,0,1,Employees,1,Employment,1000,0,1,Count,1,percent,1000,0,20100,Value,3246000,A,Normal Value,F,Free (free for publication),Nm-188d1d32256e1d2013265922d37748736d0d1d1d3d20100,12,99
2017,2017,2017,date,0,2,2013265922,North West,E12000002,regions,480,1,37748736,Total,37748736,industry,9,0,1,Employees,1,Employment,1000,0,1,Count,1,percent,1000,0,20100,Value,3298000,A,Normal Value,F,Free (free for publication),Nm-188d1d32272e1d2013265922d37748736d0d1d1d3d20100,23,99
2018,2018,2018,date,0,3,2013265922,North West,E12000002,regions,480,1,37748736,Total,37748736,industry,9,0,1,Employees,1,Employment,1000,0,1,Count,1,percent,1000,0,20100,Value,3328000,A,Normal Value,F,Free (free for publication),Nm-188d1d32288e1d2013265922d37748736d0d1d1d3d20100,34,99
2019,2019,2019,date,0,4,2013265922,North West,E12000002,regions,480,1,37748736,Total,37748736,industry,9,0,1,Employees,1,Employment,1000,0,1,Count,1,percent,1000,0,20100,Value,3406000,A,Normal Value,F,Free (free for publication),Nm-188d1d32304e1d2013265922d37748736d0d1d1d3d20100,45,99
2020,2020,2020,date,0,5,2013265922,North West,E12000002,regions,480,1,37748736,Total,37748736,industry,9,0,1,Employees,1,Employment,1000,0,1,Count,1,percent,1000,0,20100,Value,3316000,A,Normal Value,F,Free (free for publication),Nm-188d1d32320e1d2013265922d37748736d0d1d1d3d20100,56,99
2021,2021,2021,date,0,6,2013265922,North West,E12000002,regions,480,1,37748736,Total,37748736,industry,9,0,1,Employees,1,Employment,1000,0,1,Count,1,percent,1000,0,20100,Value,3439000,A,Normal Value,F,Free (free for publication),Nm-188d1d32336e2d2013265922d37748736d0d1d1d3d20100,67,99
2022,2022,2022,date,0,7,2013265922,North West,E12000002,regions,480,1,37748736,Total,37748736,industry,9,0,1,Employees,1,Employment,1000,0,1,Count,1,percent,1000,0,20100,Value,3485000,A,Normal Value,F,Free (free for publication),Nm-188d1d32352e1d2013265922d37748736d0d1d1d3d20100,78,99
2023,2023,2023,date,0,8,2013265922,North West,E12000002,regions,480,1,37748736,Total,37748736,industry,9,0,1,Employees,1,Employment,1000,0,1,Count,1,percent,1000,0,20100,Value,3555000,A,Normal Value,F,Free (free for publication),Nm-188d1d32368e0d2013265922d37748736d0d1d1d3d20100,89,99
2009,2009,2009,date,0,0,2013265931,Scotland,S92000003,regions,480,10,37748736,Total,37748736,industry,9,0,1,Employees,1,Employment,1000,0,1,Count,1,percent,1000,0,20100,Value,2407000,A,Normal Value,F,Free (free for publication),Nm-171d1d32144e0d2013265931d37748736d0d1d1d3d20100,10,77
2010,2010,2010,date,0,1,2013265931,Scotland,S92000003,regions,480,10,37748736,Total,37748736,industry,9,0,1,Employees,1,Employment,1000,0,1,Count,1,percent,1000,0,20100,Value,2331000,A,Normal Value,F,Free (free for publication),Nm-171d1d32160e0d2013265931d37748736d0d1d1d3d20100,21,77
2011,2011,2011,date,0,2,2013265931,Scotland,S92000003,regions,480,10,37748736,Total,37748736,industry,9,0,1,Employees,1,Employment,1000,0,1,Count,1,percent,1000,0,20100,Value,2350000,A,Normal Value,F,Free (free for publication),Nm-171d1d32176e0d2013265931d37748736d0d1d1d3d20100,32,77
2012,2012,2012,date,0,3,2013265931,Scotland,S92000003,regions,480,10,37748736,Total,37748736,industry,9,0,1,Employees,1,Employment,1000,0,1,Count,1,percent,1000,0,20100,Value,2319000,A,Normal Value,F,Free (free for publication),Nm-171d1d32192e0d2013265931d37748736d0d1d1d3d20100,43,77
2013,2013,2013,date,0,4,2013265931,Scotland,S92000003,regions,480,10,37748736,Total,37748736,industry,9,0,1,Employees,1,Employment,1000,0,1,Count,1,percent,1000,0,20100,Value,2348000,A,Normal Value,F,Free (free for publication),Nm-171d1d32208e0d2013265931d37748736d0d1d1d3d20100,54,77
2014,2014,2014,date,0,5,2013265931,Scotland,S92000003,regions,480,10,37748736,Total,37748736,industry,9,0,1,Employees,1,Employment,1000,0,1,Count,1,percent,1000,0,20100,Value,2437000,A,Normal Value,F,Free (free for publication),Nm-171d1d32224e0d2013265931d37748736d0d1d1d3d20100,65,77
2015,2015,2015,date,0,6,2013265931,Scotland,S92000003,regions,480,10,37748736,Total,37748736,industry,9,0,1,Employees,1,Employment,1000,0,1,Count,1,percent,1000,0,20100,Value,2446000,A,Normal Value,F,Free (free for publication),Nm-171d1d32240e0d2013265931d37748736d0d1d1d3d20100,76,77
2015,2015,2015,date,0,0,2013265931,Scotland,S92000003,regions,480,10,37748736,Total,37748736,industry,9,0,1,Employees,1,Employment,1000,0,1,Count,1,percent,1000,0,20100,Value,2462000,A,Normal Value,F,Free (free for publication),Nm-188d1d32240e1d2013265931d37748736d0d1d1d3d20100,10,99
2016,2016,2016,date,0,1,2013265931,Scotland,S92000003,regions,480,10,37748736,Total,37748736,industry,9,0,1,Employees,1,Employment,1000,0,1,Count,1,percent,1000,0,20100,Value,2481000,A,Normal Value,F,Free (free for publication),Nm-188d1d32256e1d2013265931d37748736d0d1d1d3d20100,21,99
2017,2017,2017,date,0,2,2013265931,Scotland,S92000003,regions,480,10,37748736,Total,37748736,industry,9,0,1,Employees,1,Employment,1000,0,1,Count,1,percent,1000,0,20100,Value,2471000,A,Normal Value,F,Free (free for publication),Nm-188d1d32272e1d2013265931d37748736d0d1d1d3d20100,32,99
2018,2018,2018,date,0,3,2013265931,Scotland,S92000003,regions,480,10,37748736,Total,37748736,industry,9,0,1,Employees,1,Employment,1000,0,1,Count,1,percent,1000,0,20100,Value,2508000,A,Normal Value,F,Free (free for publication),Nm-188d1d32288e1d2013265931d37748736d0d1d1d3d20100,43,99
2019,2019,2019,date,0,4,2013265931,Scotland,S92000003,regions,480,10,37748736,Total,37748736,industry,9,0,1,Employees,1,Employment,1000,0,1,Count,1,percent,1000,0,20100,Value,2501000,A,Normal Value,F,Free (free for publication),Nm-188d1d32304e1d2013265931d37748736d0d1d1d3d20100,54,99
2020,2020,2020,date,0,5,2013265931,Scotland,S92000003,regions,480,10,37748736,Total,37748736,industry,9,0,1,Employees,1,Employment,1000,0,1,Count,1,percent,1000,0,20100,Value,2445000,A,Normal Value,F,Free (free for publication),Nm-188d1d32320e1d2013265931d37748736d0d1d1d3d20100,65,99
2021,2021,2021,date,0,6,2013265931,Scotland,S92000003,regions,480,10,37748736,Total,37748736,industry,9,0,1,Employees,1,Employment,1000,0,1,Count,1,percent,1000,0,20100,Value,2521000,A,Normal Value,F,Free (free for publication),Nm-188d1d32336e2d2013265931d37748736d0d1d1d3d20100,76,99
2022,2022,2022,date,0,7,2013265931,Scotland,S92000003,regions,480,10,37748736,Total,37748736,industry,9,0,1,Employees,1,Employment,1000,0,1,Count,1,percent,1000,0,20100,Value,2524000,A,Normal Value,F,Free (free for publication),Nm-188d1d32352e1d2013265931d37748736d0d1d1d3d20100,87,99
2023,2023,2023,date,0,8,2013265931,Scotland,S92000003,regions,480,10,37748736,Total,37748736,industry,9,0,1,Employees,1,Employment,1000,0,1,Count,1,percent,1000,0,20100,Value,2562000,A,Normal Value,F,Free (free for publication),Nm-188d1d32368e0d2013265931d37748736d0d1d1d3d20100,98,99
2009,2009,2009,date,0,0,2013265928,South East,E12000008,regions,480,7,37748736,Total,37748736,industry,9,0,1,Employees,1,Employment,1000,0,1,Count,1,percent,1000,0,20100,Value,3727000,A,Normal Value,F,Free (free for publication),Nm-171d1d32144e0d2013265928d37748736d0d1d1d3d20100,7,77
2010,2010,2010,date,0,1,2013265928,South East,E12000008,regions,480,7,37748736,Total,37748736,industry,9,0,1,Employees,1,Employment,1000,0,1,Count,1,percent,1000,0,20100,Value,3783000,A,Normal Value,F,Free (free for publication),Nm-171d1d32160e0d2013265928d37748736d0d1d1d3d20100,18,77
2011,2011,2011,date,0,2,2013265928,South East,E12000008,regions,480,7,37748736,Total,37748736,industry,9,0,1,Employees,1,Employment,1000,0,1,Count,1,percent,1000,0,20100,Value,3756000,A,Normal Value,F,Free (free for publication),Nm-171d1d32176e0d2013265928d37748736d0d1d1d3d20100,29,77
2012,2012,2012,date,0,3,2013265928,South East,E12000008,regions,480,7,37748736,Total,37748736,industry,9,0,1,Employees,1,Employment,1000,0,1,Count,1,percent,1000,0,20100,Value,3780000,A,Normal Value,F,Free (free for publication),Nm-171d1d32192e0d2013265928d37748736d0d1d1d3d20100,40,77
2013,2013,2013,date,0,4,2013265928,South East,E12000008,regions,480,7,37748736,Total,37748736,industry,9,0,1,Employees,1,Employment,1000,0,1,Count,1,percent,1000,0,20100,Value,3825000,A,Normal Value,F,Free (free for publication),Nm-171d1d32208e0d2013265928d37748736d0d1d1d3d20100,51,77
2014,2014,2014,date,0,5,2013265928,South East,E12000008,regions,480,7,37748736,Total,37748736,industry,9,0,1,Employees,1,Employment,1000,0,1,Count,1,percent,1000,0,20100,Value,3908000,A,Normal Value,F,Free (free for publication),Nm-171d1d32224e0d2013265928d37748736d0d1d1d3d20100,62,77
2015,2015,2015,date,0,6,2013265928,South East,E12000008,regions,480,7,37748736,Total,37748736,industry,9,0,1,Employees,1,Employment,1000,0,1,Count,1,percent,1000,0,20100,Value,4047000,A,Normal Value,F,Free (free for publication),Nm-171d1d32240e0d2013265928d37748736d0d1d1d3d20100,73,77
2015,2015,2015,date,0,0,2013265928,South East,E12000008,regions,480,7,37748736,Total,37748736,industry,9,0,1,Employees,1,Employment,1000,0,1,Count,1,percent,1000,0,20100,Value,4073000,A,Normal Value,F,Free (free for publication),Nm-188d1d32240e1d2013265928d37748736d0d1d1d3d20100,7,99
2016,2016,2016,date,0,1,2013265928,South East,E12000008,regions,480,7,37748736,Total,37748736,industry,9,0,1,Employees,1,Employment,1000,0,1,Count,1,percent,1000,0,20100,Value,4147000,A,Normal Value,F,Free (free for publication),Nm-188d1d32256e1d2013265928d37748736d0d1d1d3d20100,18,99
2017,2017,2017,date,0,2,2013265928,South East,E12000008,regions,480,7,37748736,Total,37748736,industry,9,0,1,Employees,1,Employment,1000,0,1,Count,1,percent,1000,0,20100,Value,4107000,A,Normal Value,F,Free (free for publication),Nm-188d1d32272e1d2013265928d37748736d0d1d1d3d20100,29,99
2018,2018,2018,date,0,3,2013265928,South East,E12000008,regions,480,7,37748736,Total,37748736,industry,9,0,1,Employees,1,Employment,1000,0,1,Count,1,percent,1000,0,20100,Value,4147000,A,Normal Value,F,Free (free for publication),Nm-188d1d32288e1d2013265928d37748736d0d1d1d3d20100,40,99
2019,2019,2019,date,0,4,2013265928,South East,E12000008,regions,480,7,37748736,Total,37748736,industry,9,0,1,Employees,1,Employment,1000,0,1,Count,1,percent,1000,0,20100,Value,4214000,A,Normal Value,F,Free (free for publication),Nm-188d1d32304e1d2013265928d37748736d0d1d1d3d20100,51,99
2020,2020,2020,date,0,5,2013265928,South East,E12000008,regions,480,7,37748736,Total,37748736,industry,9,0,1,Employees,1,Employment,1000,0,1,Count,1,percent,1000,0,20100,Value,4107000,A,Normal Value,F,Free (free for publication),Nm-188d1d32320e1d2013265928d37748736d0d1d1d3d20100,62,99
2021,2021,2021,date,0,6,2013265928,South East,E12000008,regions,480,7,37748736,Total,37748736,industry,9,0,1,Employees,1,Employment,1000,0,1,Count,1,percent,1000,0,20100,Value,4153000,A,Normal Value,F,Free (free for publication),Nm-188d1d32336e2d2013265928d37748736d0d1d1d3d20100,73,99
2022,2022,2022,date,0,7,2013265928,South East,E12000008,regions,480,7,37748736,Total,37748736,industry,9,0,1,Employees,1,Employment,1000,0,1,Count,1,percent,1000,0,20100,Value,4269000,A,Normal Value,F,Free (free for publication),Nm-188d1d32352e1d2013265928d37748736d0d1d1d3d20100,84,99
2023,2023,2023,date,0,8,2013265928,South East,E12000008,regions,480,7,37748736,Total,37748736,industry,9,0,1,Employees,1,Employment,1000,0,1,Count,1,percent,1000,0,20100,Value,4325000,A,Normal Value,F,Free (free for publication),Nm-188d1d32368e0d2013265928d37748736d0d1d1d3d20100,95,99
2009,2009,2009,date,0,0,2013265929,South West,E12000009,regions,480,8,37748736,Total,37748736,industry,9,0,1,Employees,1,Employment,1000,0,1,Count,1,percent,1000,0,20100,Value,2314000,A,Normal Value,F,Free (free for publication),Nm-171d1d32144e0d2013265929d37748736d0d1d1d3d20100,8,77
2010,2010,2010,date,0,1,2013265929,South West,E12000009,regions,480,8,37748736,Total,37748736,industry,9,0,1,Employees,1,Employment,1000,0,1,Count,1,percent,1000,0,20100,Value,2284000,A,Normal Value,F,Free (free for publication),Nm-171d1d32160e0d2013265929d37748736d0d1d1d3d20100,19,77
2011,2011,2011,date,0,2,2013265929,South West,E12000009,regions,480,8,37748736,Total,37748736,industry,9,0,1,Employees,1,Employment,1000,0,1,Count,1,percent,1000,0,20100,Value,2238000,A,Normal Value,F,Free (free for publication),Nm-171d1d32176e0d2013265929d37748736d0d1d1d3d20100,30,77
2012,2012,2012,date,0,3,2013265929,South West,E12000009,regions,480,8,37748736,Total,37748736,industry,9,0,1,Employees,1,Employment,1000,0,1,Count,1,percent,1000,0,20100,Value,2232000,A,Normal Value,F,Free (free for publication),Nm-171d1d32192e0d2013265929d37748736d0d1d1d3d20100,41,77
2013,2013,2013,date,0,4,2013265929,South West,E12000009,regions,480,8,37748736,Total,37748736,industry,9,0,1,Employees,1,Employment,1000,0,1,Count,1,percent,1000,0,20100,Value,2266000,A,Normal Value,F,Free (free for publication),Nm-171d1d32208e0d2013265929d37748736d0d1d1d3d20100,52,77
2014,2014,2014,date,0,5,2013265929,South West,E12000009,regions,480,8,37748736,Total,37748736,industry,9,0,1,Employees,1,Employment,1000,0,1,Count,1,percent,1000,0,20100,Value,2352000,A,Normal Value,F,Free (free for publication),Nm-171d1d32224e0d2013265929d37748736d0d1d1d3d20100,63,77
2015,2015,2015,date,0,6,2013265929,South West,E12000009,regions,480,8,37748736,Total,37748736,industry,9,0,1,Employees,1,Employment,1000,0,1,Count,1,percent,1000,0,20100,Value,2370000,A,Normal Value,F,Free (free for publication),Nm-171d1d32240e0d2013265929d37748736d0d1d1d3d20100,74,77
2015,2015,2015,date,0,0,2013265929,South West,E12000009,regions,480,8,37748736,Total,37748736,industry,9,0,1,Employees,1,Employment,1000,0,1,Count,1,percent,1000,0,20100,Value,2387000,A,Normal Value,F,Free (free for publication),Nm-188d1d32240e1d2013265929d37748736d0d1d1d3d20100,8,99
2016,2016,2016,date,0,1,2013265929,South West,E12000009,regions,480,8,37748736,Total,37748736,industry,9,0,1,Employees,1,Employment,1000,0,1,Count,1,percent,1000,0,20100,Value,2420000,A,Normal Value,F,Free (free for publication),Nm-188d1d32256e1d2013265929d37748736d0d1d1d3d20100,19,99
2017,2017,2017,date,0,2,2013265929,South West,E12000009,regions,480,8,37748736,Total,37748736,industry,9,0,1,Employees,1,Employment,1000,0,1,Count,1,percent,1000,0,20100,Value,2437000,A,Normal Value,F,Free (free for publication),Nm-188d1d32272e1d2013265929d37748736d0d1d1d3d20100,30,99
2018,2018,2018,date,0,3,2013265929,South West,E12000009,regions,480,8,37748736,Total,37748736,industry,9,0,1,Employees,1,Employment,1000,0,1,Count,1,percent,1000,0,20100,Value,2469000,A,Normal Value,F,Free (free for publication),Nm-188d1d32288e1d2013265929d37748736d0d1d1d3d20100,41,99
2019,2019,2019,date,0,4,2013265929,South West,E12000009,regions,480,8,37748736,Total,37748736,industry,9,0,1,Employees,1,Employment,1000,0,1,Count,1,percent,1000,0,20100,Value,2497000,A,Normal Value,F,Free (free for publication),Nm-188d1d32304e1d2013265929d37748736d0d1d1d3d20100,52,99
2020,2020,2020,date,0,5,2013265929,South West,E12000009,regions,480,8,37748736,Total,37748736,industry,9,0,1,Employees,1,Employment,1000,0,1,Count,1,percent,1000,0,20100,Value,2474000,A,Normal Value,F,Free (free for publication),Nm-188d1d32320e1d2013265929d37748736d0d1d1d3d20100,63,99
2021,2021,2021,date,0,6,2013265929,South West,E12000009,regions,480,8,37748736,Total,37748736,industry,9,0,1,Employees,1,Employment,1000,0,1,Count,1,percent,1000,0,20100,Value,2538000,A,Normal Value,F,Free (free for publication),Nm-188d1d32336e2d2013265929d37748736d0d1d1d3d20100,74,99
2022,2022,2022,date,0,7,2013265929,South West,E12000009,regions,480,8,37748736,Total,37748736,industry,9,0,1,Employees,1,Employment,1000,0,1,Count,1,percent,1000,0,20100,Value,2568000,A,Normal Value,F,Free (free for publication),Nm-188d1d32352e1d2013265929d37748736d0d1d1d3d20100,85,99
2023,2023,2023,date,0,8,2013265929,South West,E12000009,regions,480,8,37748736,Total,37748736,industry,9,0,1,Employees,1,Employment,1000,0,1,Count,1,percent,1000,0,20100,Value,2598000,A,Normal Value,F,Free (free for publication),Nm-188d1d32368e0d2013265929d37748736d0d1d1d3d20100,96,99
2009,2009,2009,date,0,0,2013265930,Wales,W92000004,regions,480,9,37748736,Total,37748736,industry,9,0,1,Employees,1,Employment,1000,0,1,Count,1,percent,1000,0,20100,Value,1171000,A,Normal Value,F,Free (free for publication),Nm-171d1d32144e0d2013265930d37748736d0d1d1d3d20100,9,77
2010,2010,2010,date,0,1,2013265930,Wales,W92000004,regions,480,9,37748736,Total,37748736,industry,9,0,1,Employees,1,Employment,1000,0,1,Count,1,percent,1000,0,20100,Value,1166000,A,Normal Value,F,Free (free for publication),Nm-171d1d32160e0d2013265930d37748736d0d1d1d3d20100,20,77
2011,2011,2011,date,0,2,2013265930,Wales,W92000004,regions,480,9,37748736,Total,37748736,industry,9,0,1,Employees,1,Employment,1000,0,1,Count,1,percent,1000,0,20100,Value,1170000,A,Normal Value,F,Free (free for publication),Nm-171d1d32176e0d2013265930d37748736d0d1d1d3d20100,31,77
2012,2012,2012,date,0,3,2013265930,Wales,W92000004,regions,480,9,37748736,Total,37748736,industry,9,0,1,Employees,1,Employment,1000,0,1,Count,1,percent,1000,0,20100,Value,1178000,A,Normal Value,F,Free (free for publication),Nm-171d1d32192e0d2013265930d37748736d0d1d1d3d20100,42,77
2013,2013,2013,date,0,4,2013265930,Wales,W92000004,regions,480,9,37748736,Total,37748736,industry,9,0,1,Employees,1,Employment,1000,0,1,Count,1,percent,1000,0,20100,Value,1187000,A,Normal Value,F,Free (free for publication),Nm-171d1d32208e0d2013265930d37748736d0d1d1d3d20100,53,77
2014,2014,2014,date,0,5,2013265930,Wales,W92000004,regions,480,9,37748736,Total,37748736,industry,9,0,1,Employees,1,Employment,1000,0,1,Count,1,percent,1000,0,20100,Value,1209000,A,Normal Value,F,Free (free for publication),Nm-171d1d32224e0d2013265930d37748736d0d1d1d3d20100,64,77
2015,2015,2015,date,0,6,2013265930,Wales,W92000004,regions,480,9,37748736,Total,37748736,industry,9,0,1,Employees,1,Employment,1000,0,1,Count,1,percent,1000,0,20100,Value,1220000,A,Normal Value,F,Free (free for publication),Nm-171d1d32240e0d2013265930d37748736d0d1d1d3d20100,75,77
2015,2015,2015,date,0,0,2013265930,Wales,W92000004,regions,480,9,37748736,Total,37748736,industry,9,0,1,Employees,1,Employment,1000,0,1,Count,1,percent,1000,0,20100,Value,1232000,A,Normal Value,F,Free (free for publication),Nm-188d1d32240e1d2013265930d37748736d0d1d1d3d20100,9,99
2016,2016,2016,date,0,1,2013265930,Wales,W92000004,regions,480,9,37748736,Total,37748736,industry,9,0,1,Employees,1,Employment,1000,0,1,Count,1,percent,1000,0,20100,Value,1256000,A,Normal Value,F,Free (free for publication),Nm-188d1d32256e1d2013265930d37748736d0d1d1d3d20100,20,99
2017,2017,2017,date,0,2,2013265930,Wales,W92000004,regions,480,9,37748736,Total,37748736,industry,9,0,1,Employees,1,Employment,1000,0,1,Count,1,percent,1000,0,20100,Value,1243000,A,Normal Value,F,Free (free for publication),Nm-188d1d32272e1d2013265930d37748736d0d1d1d3d20100,31,99
2018,2018,2018,date,0,3,2013265930,Wales,W92000004,regions,480,9,37748736,Total,37748736,industry,9,0,1,Employees,1,Employment,1000,0,1,Count,1,percent,1000,0,20100,Value,1270000,A,Normal Value,F,Free (free for publication),Nm-188d1d32288e1d2013265930d37748736d0d1d1d3d20100,42,99
2019,2019,2019,date,0,4,2013265930,Wales,W92000004,regions,480,9,37748736,Total,37748736,industry,9,0,1,Employees,1,Employment,1000,0,1,Count,1,percent,1000,0,20100,Value,1269000,A,Normal Value,F,Free (free for publication),Nm-188d1d32304e1d2013265930d37748736d0d1d1d3d20100,53,99
2020,2020,2020,date,0,5,2013265930,Wales,W92000004,regions,480,9,37748736,Total,37748736,industry,9,0,1,Employees,1,Employment,1000,0,1,Count,1,percent,1000,0,20100,Value,1259000,A,Normal Value,F,Free (free for publication),Nm-188d1d32320e1d2013265930d37748736d0d1d1d3d20100,64,99
2021,2021,2021,date,0,6,2013265930,Wales,W92000004,regions,480,9,37748736,Total,37748736,industry,9,0,1,Employees,1,Employment,1000,0,1,Count,1,percent,1000,0,20100,Value,1259000,A,Normal Value,F,Free (free for publication),Nm-188d1d32336e2d2013265930d37748736d0d1d1d3d20100,75,99
2022,2022,2022,date,0,7,2013265930,Wales,W92000004,regions,480,9,37748736,Total,37748736,industry,9,0,1,Employees,1,Employment,1000,0,1,Count,1,percent,1000,0,20100,Value,1277000,A,Normal Value,F,Free (free for publication),Nm-188d1d32352e1d2013265930d37748736d0d1d1d3d20100,86,99
2023,2023,2023,date,0,8,2013265930,Wales,W92000004,regions,480,9,37748736,Total,37748736,industry,9,0,1,Employees,1,Employment,1000,0,1,Count,1,percent,1000,0,20100,Value,1300000,A,Normal Value,F,Free (free for publication),Nm-188d1d32368e0d2013265930d37748736d0d1d1d3d20100,97,99
2009,2009,2009,date,0,0,2013265925,West Midlands,E12000005,regions,480,4,37748736,Total,37748736,industry,9,0,1,Employees,1,Employment,1000,0,1,Count,1,percent,1000,0,20100,Value,2302000,A,Normal Value,F,Free (free for publication),Nm-171d1d32144e0d2013265925d37748736d0d1d1d3d20100,4,77
2010,2010,2010,date,0,1,2013265925,West Midlands,E12000005,regions,480,4,37748736,Total,37748736,industry,9,0,1,Employees,1,Employment,1000,0,1,Count,1,percent,1000,0,20100,Value,2312000,A,Normal Value,F,Free (free for publication),Nm-171d1d32160e0d2013265925d37748736d0d1d1d3d20100,15,77
2011,2011,2011,date,0,2,2013265925,West Midlands,E12000005,regions,480,4,37748736,Total,37748736,industry,9,0,1,Employees,1,Employment,1000,0,1,Count,1,percent,1000,0,20100,Value,2302000,A,Normal Value,F,Free (free for publication),Nm-171d1d32176e0d2013265925d37748736d0d1d1d3d20100,26,77
2012,2012,2012,date,0,3,2013265925,West Midlands,E12000005,regions,480,4,37748736,Total,37748736,industry,9,0,1,Employees,1,Employment,1000,0,1,Count,1,percent,1000,0,20100,Value,2323000,A,Normal Value,F,Free (free for publication),Nm-171d1d32192e0d2013265925d37748736d0d1d1d3d20100,37,77
2013,2013,2013,date,0,4,2013265925,West Midlands,E12000005,regions,480,4,37748736,Total,37748736,industry,9,0,1,Employees,1,Employment,1000,0,1,Count,1,percent,1000,0,20100,Value,2340000,A,Normal Value,F,Free (free for publication),Nm-171d1d32208e0d2013265925d37748736d0d1d1d3d20100,48,77
2014,2014,2014,date,0,5,2013265925,West Midlands,E12000005,regions,480,4,37748736,Total,37748736,industry,9,0,1,Employees,1,Employment,1000,0,1,Count,1,percent,1000,0,20100,Value,2404000,A,Normal Value,F,Free (free for publication),Nm-171d1d32224e0d2013265925d37748736d0d1d1d3d20100,59,77
2015,2015,2015,date,0,6,2013265925,West Midlands,E12000005,regions,480,4,37748736,Total,37748736,industry,9,0,1,Employees,1,Employment,1000,0,1,Count,1,percent,1000,0,20100,Value,2447000,A,Normal Value,F,Free (free for publication),Nm-171d1d32240e0d2013265925d37748736d0d1d1d3d20100,70,77
2015,2015,2015,date,0,0,2013265925,West Midlands,E12000005,regions,480,4,37748736,Total,37748736,industry,9,0,1,Employees,1,Employment,1000,0,1,Count,1,percent,1000,0,20100,Value,2465000,A,Normal Value,F,Free (free for publication),Nm-188d1d32240e1d2013265925d37748736d0d1d1d3d20100,4,99
2016,2016,2016,date,0,1,2013265925,West Midlands,E12000005,regions,480,4,37748736,Total,37748736,industry,9,0,1,Employees,1,Employment,1000,0,1,Count,1,percent,1000,0,20100,Value,2505000,A,Normal Value,F,Free (free for publication),Nm-188d1d32256e1d2013265925d37748736d0d1d1d3d20100,15,99
2017,2017,2017,date,0,2,2013265925,West Midlands,E12000005,regions,480,4,37748736,Total,37748736,industry,9,0,1,Employees,1,Employment,1000,0,1,Count,1,percent,1000,0,20100,Value,2579000,A,Normal Value,F,Free (free for publication),Nm-188d1d32272e1d2013265925d37748736d0d1d1d3d20100,26,99
2018,2018,2018,date,0,3,2013265925,West Midlands,E12000005,regions,480,4,37748736,Total,37748736,industry,9,0,1,Employees,1,Employment,1000,0,1,Count,1,percent,1000,0,20100,Value,2577000,A,Normal Value,F,Free (free for publication),Nm-188d1d32288e1d2013265925d37748736d0d1d1d3d20100,37,99
2019,2019,2019,date,0,4,2013265925,West Midlands,E12000005,regions,480,4,37748736,Total,37748736,industry,9,0,1,Employees,1,Employment,1000,0,1,Count,1,percent,1000,0,20100,Value,2593000,A,Normal Value,F,Free (free for publication),Nm-188d1d32304e1d2013265925d37748736d0d1d1d3d20100,48,99
2020,2020,2020,date,0,5,2013265925,West Midlands,E12000005,regions,480,4,37748736,Total,37748736,industry,9,0,1,Employees,1,Employment,1000,0,1,Count,1,percent,1000,0,20100,Value,2564000,A,Normal Value,F,Free (free for publication),Nm-188d1d32320e1d2013265925d37748736d0d1d1d3d20100,59,99
2021,2021,2021,date,0,6,2013265925,West Midlands,E12000005,regions,480,4,37748736,Total,37748736,industry,9,0,1,Employees,1,Employment,1000,0,1,Count,1,percent,1000,0,20100,Value,2605000,A,Normal Value,F,Free (free for publication),Nm-188d1d32336e2d2013265925d37748736d0d1d1d3d20100,70,99
2022,2022,2022,date,0,7,2013265925,West Midlands,E12000005,regions,480,4,37748736,Total,37748736,industry,9,0,1,Employees,1,Employment,1000,0,1,Count,1,percent,1000,0,20100,Value,2663000,A,Normal Value,F,Free (free for publication),Nm-188d1d32352e1d2013265925d37748736d0d1d1d3d20100,81,99
2023,2023,2023,date,0,8,2013265925,West Midlands,E12000005,regions,480,4,37748736,Total,37748736,industry,9,0,1,Employees,1,Employment,1000,0,1,Count,1,percent,1000,0,20100,Value,2701000,A,Normal Value,F,Free (free for publication),Nm-188d1d32368e0d2013265925d37748736d0d1d1d3d20100,92,99
2009,2009,2009,date,0,0,2013265923,Yorkshire and The Humber,E12000003,regions,480,2,37748736,Total,37748736,industry,9,0,1,Employees,1,Employment,1000,0,1,Count,1,percent,1000,0,20100,Value,2224000,A,Normal Value,F,Free (free for publication),Nm-171d1d32144e0d2013265923d37748736d0d1d1d3d20100,2,77
2010,2010,2010,date,0,1,2013265923,Yorkshire and The Humber,E12000003,regions,480,2,37748736,Total,37748736,industry,9,0,1,Employees,1,Employment,1000,0,1,Count,1,percent,1000,0,20100,Value,2202000,A,Normal Value,F,Free (free for publication),Nm-171d1d32160e0d2013265923d37748736d0d1d1d3d20100,13,77
2011,2011,2011,date,0,2,2013265923,Yorkshire and The Humber,E12000003,regions,480,2,37748736,Total,37748736,industry,9,0,1,Employees,1,Employment,1000,0,1,Count,1,percent,1000,0,20100,Value,2184000,A,Normal Value,F,Free (free for publication),Nm-171d1d32176e0d2013265923d37748736d0d1d1d3d20100,24,77
2012,2012,2012,date,0,3,2013265923,Yorkshire and The Humber,E12000003,regions,480,2,37748736,Total,37748736,industry,9,0,1,Employees,1,Employment,1000,0,1,Count,1,percent,1000,0,20100,Value,2164000,A,Normal Value,F,Free (free for publication),Nm-171d1d32192e0d2013265923d37748736d0d1d1d3d20100,35,77
2013,2013,2013,date,0,4,2013265923,Yorkshire and The Humber,E12000003,regions,480,2,37748736,Total,37748736,industry,9,0,1,Employees,1,Employment,1000,0,1,Count,1,percent,1000,0,20100,Value,2193000,A,Normal Value,F,Free (free for publication),Nm-171d1d32208e0d2013265923d37748736d0d1d1d3d20100,46,77
2014,2014,2014,date,0,5,2013265923,Yorkshire and The Humber,E12000003,regions,480,2,37748736,Total,37748736,industry,9,0,1,Employees,1,Employment,1000,0,1,Count,1,percent,1000,0,20100,Value,2261000,A,Normal Value,F,Free (free for publication),Nm-171d1d32224e0d2013265923d37748736d0d1d1d3d20100,57,77
2015,2015,2015,date,0,6,2013265923,Yorkshire and The Humber,E12000003,regions,480,2,37748736,Total,37748736,industry,9,0,1,Employees,1,Employment,1000,0,1,Count,1,percent,1000,0,20100,Value,2313000,A,Normal Value,F,Free (free for publication),Nm-171d1d32240e0d2013265923d37748736d0d1d1d3d20100,68,77
2015,2015,2015,date,0,0,2013265923,Yorkshire and The Humber,E12000003,regions,480,2,37748736,Total,37748736,industry,9,0,1,Employees,1,Employment,1000,0,1,Count,1,percent,1000,0,20100,Value,2330000,A,Normal Value,F,Free (free for publication),Nm-188d1d32240e1d2013265923d37748736d0d1d1d3d20100,2,99
2016,2016,2016,date,0,1,2013265923,Yorkshire and The Humber,E12000003,regions,480,2,37748736,Total,37748736,industry,9,0,1,Employees,1,Employment,1000,0,1,Count,1,percent,1000,0,20100,Value,2340000,A,Normal Value,F,Free (free for publication),Nm-188d1d32256e1d2013265923d37748736d0d1d1d3d20100,13,99
2017,2017,2017,date,0,2,2013265923,Yorkshire and The Humber,E12000003,regions,480,2,37748736,Total,37748736,industry,9,0,1,Employees,1,Employment,1000,0,1,Count,1,percent,1000,0,20100,Value,2381000,A,Normal Value,F,Free (free for publication),Nm-188d1d32272e1d2013265923d37748736d0d1d1d3d20100,24,99
2018,2018,2018,date,0,3,2013265923,Yorkshire and The Humber,E12000003,regions,480,2,37748736,Total,37748736,industry,9,0,1,Employees,1,Employment,1000,0,1,Count,1,percent,1000,0,20100,Value,2390000,A,Normal Value,F,Free (free for publication),Nm-188d1d32288e1d2013265923d37748736d0d1d1d3d20100,35,99
2019,2019,2019,date,0,4,2013265923,Yorkshire and The Humber,E12000003,regions,480,2,37748736,Total,37748736,industry,9,0,1,Employees,1,Employment,1000,0,1,Count,1,percent,1000,0,20100,Value,2397000,A,Normal Value,F,Free (free for publication),Nm-188d1d32304e1d2013265923d37748736d0d1d1d3d20100,46,99
2020,2020,2020,date,0,5,2013265923,Yorkshire and The Humber,E12000003,regions,480,2,37748736,Total,37748736,industry,9,0,1,Employees,1,Employment,1000,0,1,Count,1,percent,1000,0,20100,Value,2343000,A,Normal Value,F,Free (free for publication),Nm-188d1d32320e1d2013265923d37748736d0d1d1d3d20100,57,99
2021,2021,2021,date,0,6,2013265923,Yorkshire and The Humber,E12000003,regions,480,2,37748736,Total,37748736,industry,9,0,1,Employees,1,Employment,1000,0,1,Count,1,percent,1000,0,20100,Value,2438000,A,Normal Value,F,Free (free for publication),Nm-188d1d32336e2d2013265923d37748736d0d1d1d3d20100,68,99
2022,2022,2022,date,0,7,2013265923,Yorkshire and The Humber,E12000003,regions,480,2,37748736,Total,37748736,industry,9,0,1,Employees,1,Employment,1000,0,1,Count,1,percent,1000,0,20100,Value,2473000,A,Normal Value,F,Free (free for publication),Nm-188d1d32352e1d2013265923d37748736d0d1d1d3d20100,79,99
2023,2023,2023,date,0,8,2013265923,Yorkshire and The Humber,E12000003,regions,480,2,37748736,Total,37748736,industry,9,0,1,Employees,1,Employment,1000,0,1,Count,1,percent,1000,0,20100,Value,2497000,A,Normal Value,F,Free (free for publication),Nm-188d1d32368e0d2013265923d37748736d0d1d1d3d20100,90,99
